host_time_s,chA_raw,chB_env
1784660000.0000,505,3063
1784660000.0026,504,3036
1784660000.0049,493,3039
1784660000.0075,501,3052
1784660000.0101,501,3036
1784660000.0126,492,3037
1784660000.0150,506,3040
1784660000.0176,506,3026
1784660000.0199,493,3041
1784660000.0224,491,3071
1784660000.0249,501,3032
1784660000.0275,490,3050
1784660000.0301,497,3068
1784660000.0328,500,3054
1784660000.0356,507,3050
1784660000.0379,494,3046
1784660000.0402,500,3052
1784660000.0425,503,3060
1784660000.0451,502,3051
1784660000.0478,500,3026
1784660000.0502,495,3045
1784660000.0525,505,3030
1784660000.0553,498,3062
1784660000.0579,494,3070
1784660000.0605,494,3057
1784660000.0631,499,3059
1784660000.0654,494,3038
1784660000.0682,508,3072
1784660000.0705,498,3069
1784660000.0730,499,3016
1784660000.0757,498,3054
1784660000.0782,499,3040
1784660000.0810,496,3068
1784660000.0836,489,3051
1784660000.0859,513,3068
1784660000.0886,504,3043
1784660000.0914,498,3042
1784660000.0940,499,3030
1784660000.0962,498,3054
1784660000.0990,498,3068
1784660000.1012,493,3059
1784660000.1037,483,3065
1784660000.1061,487,3050
1784660000.1089,494,3043
1784660000.1116,495,3060
1784660000.1143,499,3060
1784660000.1169,490,3060
1784660000.1197,493,3071
1784660000.1223,562,3030
1784660000.1247,501,3067
1784660000.1270,496,3049
1784660000.1292,507,3033
1784660000.1319,508,3039
1784660000.1345,504,3056
1784660000.1369,499,3052
1784660000.1392,496,3051
1784660000.1417,488,3067
1784660000.1441,496,3038
1784660000.1467,504,3052
1784660000.1491,503,3068
1784660000.1518,481,3047
1784660000.1542,501,3041
1784660000.1569,493,3064
1784660000.1597,490,3051
1784660000.1624,508,3052
1784660000.1652,498,3043
1784660000.1678,491,3054
1784660000.1704,495,3055
1784660000.1731,507,3058
1784660000.1755,501,3047
1784660000.1783,504,3069
1784660000.1810,501,3061
1784660000.1834,507,3040
1784660000.1858,503,3054
1784660000.1883,492,3035
1784660000.1908,489,3076
1784660000.1934,500,3046
1784660000.1959,495,3029
1784660000.1982,492,3087
1784660000.2007,492,3028
1784660000.2031,484,3051
1784660000.2056,506,3070
1784660000.2079,495,3064
1784660000.2101,488,3050
1784660000.2126,497,3056
1784660000.2153,493,3054
1784660000.2175,497,3043
1784660000.2199,496,3050
1784660000.2222,490,3049
1784660000.2248,504,3058
1784660000.2275,499,3025
1784660000.2299,498,3079
1784660000.2324,486,3033
1784660000.2347,503,3056
1784660000.2373,482,3083
1784660000.2399,501,3094
1784660000.2425,499,3045
1784660000.2447,490,3048
1784660000.2475,501,3030
1784660000.2502,494,3053
1784660000.2530,502,3037
1784660000.2557,500,3037
1784660000.2583,506,3027
1784660000.2609,505,3056
1784660000.2634,501,3034
1784660000.2661,491,3054
1784660000.2684,514,3074
1784660000.2707,497,3062
1784660000.2732,500,3033
1784660000.2756,490,3046
1784660000.2781,497,3032
1784660000.2804,513,3005
1784660000.2829,492,3053
1784660000.2853,499,3032
1784660000.2877,498,3074
1784660000.2904,494,3042
1784660000.2927,492,3076
1784660000.2954,491,3032
1784660000.2976,493,3043
1784660000.3003,499,3050
1784660000.3336,494,3049
1784660000.3359,510,3047
1784660000.3386,510,3046
1784660000.3409,494,3029
1784660000.3434,498,3075
1784660000.3456,502,3040
1784660000.3478,509,3071
1784660000.3502,499,3046
1784660000.3526,487,3052
1784660000.3550,494,3033
1784660000.3577,493,3037
1784660000.3600,493,3035
1784660000.3625,504,3061
1784660000.3649,496,3068
1784660000.3672,499,3040
1784660000.3698,502,3042
1784660000.3724,500,3066
1784660000.3746,499,3041
1784660000.3774,487,3037
1784660000.3798,492,3082
1784660000.3825,495,3070
1784660000.3851,502,3063
1784660000.3874,501,3054
1784660000.3899,499,3058
1784660000.3921,510,3033
1784660000.3949,504,3069
1784660000.3976,501,3054
1784660000.4000,484,3056
1784660000.4023,501,3028
1784660000.4050,497,3047
1784660000.4077,500,3047
1784660000.4101,500,3045
1784660000.4129,502,3038
1784660000.4151,493,3046
1784660000.4173,494,3071
1784660000.4200,483,3041
1784660000.4222,497,3057
1784660000.4249,498,3069
1784660000.4273,488,3056
1784660000.4297,504,3057
1784660000.4319,501,3061
1784660000.4346,498,3054
1784660000.4373,497,3056
1784660000.4401,502,3063
1784660000.4426,509,3056
1784660000.4450,505,3059
1784660000.4473,492,3054
1784660000.4499,499,3072
1784660000.4527,496,3047
1784660000.4549,498,3023
1784660000.4576,501,3031
1784660000.4599,494,3079
1784660000.4625,510,3054
1784660000.4649,486,3046
1784660000.4672,483,3073
1784660000.4696,494,3070
1784660000.4722,493,3060
1784660000.4749,500,3063
1784660000.4773,482,3055
1784660000.4799,502,3027
1784660000.4827,500,3053
1784660000.4852,497,3041
1784660000.4878,497,3075
1784660000.4906,503,3037
1784660000.4928,499,3051
1784660000.4953,503,3069
1784660000.4980,507,3081
1784660000.5004,496,3047
1784660000.5028,498,3033
1784660000.5052,511,3016
1784660000.5074,500,3047
1784660000.5101,492,3041
1784660000.5124,495,3080
1784660000.5149,486,3065
1784660000.5172,504,3070
1784660000.5195,488,3060
1784660000.5221,496,3028
1784660000.5247,503,3049
1784660000.5271,499,3084
1784660000.5297,500,3050
1784660000.5324,505,3052
1784660000.5347,494,3048
1784660000.5371,499,3044
1784660000.5398,499,3044
1784660000.5425,489,3052
1784660000.5451,513,3028
1784660000.5926,509,3037
1784660000.5952,494,3047
1784660000.5979,496,3077
1784660000.6004,485,3070
1784660000.6031,508,3071
1784660000.6057,503,3076
1784660000.6082,505,3028
1784660000.6109,501,3040
1784660000.6136,494,3069
1784660000.6161,496,3055
1784660000.6184,498,3054
1784660000.6211,498,3059
1784660000.6237,499,3056
1784660000.6260,505,3063
1784660000.6288,514,3056
1784660000.6313,505,3064
1784660000.6340,497,3057
1784660000.6366,499,3075
1784660000.6389,493,3055
1784660000.6416,483,3043
1784660000.6444,496,3064
1784660000.6470,506,3050
1784660000.6498,508,3034
1784660000.6524,497,3058
1784660000.6548,495,3071
1784660000.6575,500,3051
1784660000.6599,497,3068
1784660000.6626,490,3041
1784660000.6649,491,3050
1784660000.6676,505,3034
1784660000.6701,493,3052
1784660000.6726,493,3041
1784660000.7208,503,3068
1784660000.7232,494,3039
1784660000.7259,490,3078
1784660000.7287,505,3038
1784660000.7311,497,3064
1784660000.7337,498,3061
1784660000.7363,492,3068
1784660000.7390,496,3063
1784660000.7415,500,3070
1784660000.7442,493,3048
1784660000.7467,491,3063
1784660000.7493,488,3049
1784660000.7515,498,3073
1784660000.7538,499,3043
1784660000.7562,499,3026
1784660000.7589,495,3045
1784660000.7615,488,3037
1784660000.7638,497,3066
1784660000.7664,502,3034
1784660000.7687,494,3038
1784660000.7711,487,3041
1784660000.7737,504,3044
1784660000.7760,497,3024
1784660000.7784,505,3050
1784660000.7808,503,3051
1784660000.7833,488,3056
1784660000.7859,498,3021
1784660000.7887,503,3045
1784660000.7911,505,3031
1784660000.7933,490,3025
1784660000.7955,499,3039
1784660000.7983,509,3054
1784660000.8009,501,3062
1784660000.8036,488,3030
1784660000.8059,504,3053
1784660000.8087,503,3040
1784660000.8109,500,3037
1784660000.8132,499,3062
1784660000.8157,496,3061
1784660000.8182,500,3051
1784660000.8205,491,3045
1784660000.8229,512,3051
1784660000.8255,502,3049
1784660000.8283,485,3054
1784660000.8308,492,3070
1784660000.8336,494,3035
1784660000.8362,502,3043
1784660000.8390,503,3060
1784660000.8417,490,3053
1784660000.8441,494,3038
1784660000.8469,501,3045
1784660000.8494,491,3072
1784660000.8518,583,3057
1784660000.8540,491,3064
1784660000.8565,498,3054
1784660000.8593,495,3060
1784660000.8619,499,3060
1784660000.8643,503,3040
1784660000.8668,500,3081
1784660000.8692,500,3054
1784660000.8720,507,3044
1784660000.8745,495,3059
1784660000.8772,494,3045
1784660000.8797,491,3049
1784660000.8823,496,3054
1784660000.8847,500,3061
1784660000.8871,488,3066
1784660000.8894,489,3047
1784660000.8918,500,3039
1784660000.8945,501,3025
1784660000.8968,499,3036
1784660000.8990,499,3061
1784660000.9013,501,3068
1784660000.9035,489,3041
1784660000.9059,496,3051
1784660000.9086,498,3051
1784660000.9112,508,3055
1784660000.9137,500,3034
1784660000.9161,496,3057
1784660000.9188,502,3052
1784660000.9212,501,3057
1784660000.9239,490,3017
1784660000.9263,490,3069
1784660000.9290,589,3039
1784660000.9314,498,3047
1784660000.9339,499,3049
1784660000.9366,491,3049
1784660000.9391,495,3041
1784660000.9416,493,3062
1784660000.9441,494,3041
1784660000.9463,500,3063
1784660000.9486,498,3026
1784660000.9513,504,3059
1784660000.9540,504,3045
1784660000.9566,506,3051
1784660000.9592,491,3073
1784660000.9617,496,3039
1784660000.9640,493,3051
1784660000.9666,500,3054
1784660000.9688,489,3065
1784660000.9715,506,3026
1784660000.9741,497,3047
1784660000.9766,495,3039
1784660000.9789,495,3064
1784660000.9814,493,3059
1784660000.9842,502,3040
1784660000.9865,490,3071
1784660000.9893,507,3046
1784660000.9919,500,3038
1784660000.9945,503,3046
1784660000.9967,494,3052
1784660000.9992,492,3044
1784660001.0016,498,3057
1784660001.0038,490,3048
1784660001.0060,489,3039
1784660001.0087,497,3042
1784660001.0112,500,3056
1784660001.0136,510,3044
1784660001.0164,499,3059
1784660001.0188,505,3017
1784660001.0215,508,3062
1784660001.0239,496,3082
1784660001.0264,500,3060
1784660001.0288,530,3070
1784660001.0312,502,3044
1784660001.0339,502,3047
1784660001.0366,501,3028
1784660001.0393,503,3066
1784660001.0421,588,3053
1784660001.0447,491,3041
1784660001.0474,499,3043
1784660001.0499,502,3043
1784660001.0523,497,3057
1784660001.0548,496,3061
1784660001.0573,503,3064
1784660001.0599,503,3057
1784660001.0623,504,3051
1784660001.0647,498,3045
1784660001.0674,501,3049
1784660001.0696,503,3053
1784660001.0720,490,3081
1784660001.0742,490,3024
1784660001.0770,501,3059
1784660001.0797,497,3040
1784660001.0822,495,3050
1784660001.0844,504,3037
1784660001.0871,492,3048
1784660001.0897,495,3054
1784660001.0924,491,3057
1784660001.0948,499,3064
1784660001.0970,506,3079
1784660001.0994,492,3028
1784660001.1018,497,3041
1784660001.1042,503,3045
1784660001.1710,498,3063
1784660001.1736,508,3060
1784660001.1758,507,3040
1784660001.1782,498,3075
1784660001.1806,506,3040
1784660001.1831,498,3061
1784660001.1858,500,3062
1784660001.1885,489,3082
1784660001.1911,507,3043
1784660001.1936,501,3018
1784660001.1963,499,3058
1784660001.1988,498,3051
1784660001.2012,498,3067
1784660001.2038,501,3057
1784660001.2061,508,3044
1784660001.2087,501,3030
1784660001.2115,499,3032
1784660001.2138,497,3039
1784660001.2162,495,3048
1784660001.2189,506,3041
1784660001.2213,497,3058
1784660001.2237,488,3061
1784660001.2265,501,3050
1784660001.2287,490,3039
1784660001.2311,486,3066
1784660001.2339,492,3072
1784660001.2361,490,3044
1784660001.2388,498,3045
1784660001.2413,487,3040
1784660001.2437,496,3034
1784660001.2460,515,3051
1784660001.2483,495,3053
1784660001.2511,490,3075
1784660001.2534,499,3074
1784660001.2558,495,3035
1784660001.2585,493,3044
1784660001.2612,496,3038
1784660001.2637,494,3054
1784660001.2664,487,3048
1784660001.2690,496,3043
1784660001.2713,501,3041
1784660001.2737,505,3053
1784660001.2762,490,3055
1784660001.2786,512,3036
1784660001.2812,514,3046
1784660001.2835,492,3036
1784660001.2863,507,3028
1784660001.2885,496,3051
1784660001.2908,509,3080
1784660001.2932,490,3033
1784660001.2960,501,3069
1784660001.2988,502,3036
1784660001.3011,494,3033
1784660001.3038,497,3033
1784660001.3063,487,3039
1784660001.3087,497,3049
1784660001.3112,487,3046
1784660001.3135,497,3042
1784660001.3161,503,3052
1784660001.3186,492,3023
1784660001.3211,503,3044
1784660001.3236,504,3072
1784660001.4145,507,3063
1784660001.4172,501,3069
1784660001.4195,496,3050
1784660001.4222,496,3039
1784660001.4247,481,3082
1784660001.4272,500,3027
1784660001.4298,501,3064
1784660001.4322,499,3051
1784660001.4344,494,3056
1784660001.4372,493,3047
1784660001.4397,501,3045
1784660001.4423,496,3039
1784660001.4450,490,3053
1784660001.4477,489,3049
1784660001.4502,491,3055
1784660001.4525,497,3047
1784660001.4552,495,3045
1784660001.4577,503,3042
1784660001.4604,496,3063
1784660001.4628,499,3035
1784660001.4651,502,3051
1784660001.4674,500,3051
1784660001.4699,496,3058
1784660001.4725,502,3051
1784660001.4752,498,3055
1784660001.4777,497,3064
1784660001.4799,492,3022
1784660001.4825,499,3086
1784660001.4852,502,3038
1784660001.4875,502,3068
1784660001.4899,509,3024
1784660001.4922,501,3038
1784660001.4947,503,3037
1784660001.4969,489,3051
1784660001.4992,494,3067
1784660001.5016,500,3054
1784660001.5042,496,3051
1784660001.5066,496,3034
1784660001.5093,492,3040
1784660001.5118,511,3025
1784660001.5144,513,3069
1784660001.5169,506,3030
1784660001.5193,504,3054
1784660001.5217,510,3031
1784660001.5240,506,3055
1784660001.5266,506,3060
1784660001.5290,502,3045
1784660001.5316,494,3050
1784660001.5339,492,3054
1784660001.5361,495,3055
1784660001.5388,494,3065
1784660001.5410,498,3042
1784660001.5433,501,3042
1784660001.5455,506,3063
1784660001.5480,490,3056
1784660001.5503,497,3031
1784660001.5526,485,3056
1784660001.5550,496,3069
1784660001.5576,500,3039
1784660001.5600,504,3048
1784660001.5622,493,3039
1784660001.5647,506,3065
1784660001.5674,545,3047
1784660001.5697,501,3068
1784660001.5725,509,3050
1784660001.5750,502,3067
1784660001.5774,508,3024
1784660001.5798,492,3061
1784660001.5824,504,3078
1784660001.5851,510,3024
1784660001.5873,486,3047
1784660001.5898,497,3035
1784660001.5923,492,3052
1784660001.5947,496,3069
1784660001.5974,503,3045
1784660001.6001,495,3047
1784660001.6025,502,3053
1784660001.6052,514,3052
1784660001.6079,502,3080
1784660001.6105,497,3050
1784660001.6128,491,3031
1784660001.6155,550,3038
1784660001.6180,497,3042
1784660001.6205,500,3032
1784660001.6232,497,3038
1784660001.6258,501,3041
1784660001.6281,486,3043
1784660001.6304,487,3052
1784660001.6326,503,3046
1784660001.6353,503,3079
1784660001.6380,493,3040
1784660001.6406,504,3034
1784660001.6429,500,3041
1784660001.6456,498,3047
1784660001.6483,501,3061
1784660001.6509,502,3050
1784660001.6535,503,3069
1784660001.6557,497,3027
1784660001.6581,495,3056
1784660001.6605,504,3070
1784660001.6633,502,3029
1784660001.6658,493,3053
1784660001.6683,499,3018
1784660001.6706,494,3055
1784660001.6732,494,3065
1784660001.6755,496,3068
1784660001.6778,493,3078
1784660001.6802,499,3028
1784660001.6829,489,3048
1784660001.6857,491,3028
1784660001.6881,508,3057
1784660001.6903,505,3057
1784660001.6929,489,3041
1784660001.6954,501,3070
1784660001.6978,494,3061
1784660001.7001,503,3052
1784660001.7027,497,3043
1784660001.7049,492,3065
1784660001.7072,504,3077
1784660001.7098,493,3036
1784660001.7125,491,3067
1784660001.7147,498,3070
1784660001.7173,489,3070
1784660001.7196,506,3041
1784660001.7220,496,3042
1784660001.7248,495,3039
1784660001.7272,493,3039
1784660001.7299,502,3082
1784660001.7325,501,3024
1784660001.7349,501,3036
1784660001.7373,503,3060
1784660001.7397,492,3035
1784660001.7419,491,3045
1784660001.7443,493,3046
1784660001.7470,499,3059
1784660001.7492,494,3060
1784660001.7516,497,3073
1784660001.7540,500,3053
1784660001.7562,495,3039
1784660001.7589,489,3059
1784660001.7614,503,3033
1784660001.7640,502,3046
1784660001.7665,486,3055
1784660001.7690,497,3029
1784660001.7718,494,3050
1784660001.8620,492,3056
1784660001.8643,506,3058
1784660001.8667,497,3069
1784660001.8694,493,3047
1784660001.8720,499,3052
1784660001.8747,505,3040
1784660001.8771,510,3046
1784660001.8795,496,3042
1784660001.8822,497,3033
1784660001.8850,500,3052
1784660001.8874,489,3060
1784660001.8902,503,3059
1784660001.8926,488,3027
1784660001.8948,498,3055
1784660001.8974,505,3050
1784660001.9000,495,3023
1784660001.9026,489,3051
1784660001.9049,495,3039
1784660001.9072,495,3069
1784660001.9095,506,3058
1784660001.9119,502,3072
1784660001.9144,502,3075
1784660001.9172,488,3015
1784660001.9198,499,3040
1784660001.9224,502,3037
1784660001.9247,490,3061
1784660001.9271,496,3054
1784660001.9298,488,3053
1784660001.9325,501,3027
1784660001.9350,502,3051
1784660001.9375,495,3041
1784660001.9397,495,3059
1784660001.9420,497,3043
1784660001.9445,508,3030
1784660001.9472,503,3063
1784660001.9497,496,3061
1784660001.9522,500,3041
1784660001.9549,489,3047
1784660001.9575,500,3044
1784660001.9600,503,3045
1784660001.9622,492,3059
1784660001.9648,489,3049
1784660001.9675,501,3057
1784660001.9699,498,3049
1784660001.9724,502,3055
1784660002.0517,497,3061
1784660002.0543,503,3034
1784660002.0567,498,3038
1784660002.0592,491,3052
1784660002.0616,493,3049
1784660002.0638,502,3039
1784660002.0662,492,3054
1784660002.0687,502,3074
1784660002.0709,495,3080
1784660002.0733,494,3055
1784660002.0760,506,3040
1784660002.0788,499,3048
1784660002.0812,507,3062
1784660002.0836,502,3048
1784660002.0864,502,3062
1784660002.0887,499,3060
1784660002.0913,500,3090
1784660002.0940,497,3072
1784660002.0964,503,3044
1784660002.0991,498,3051
1784660002.1016,499,3024
1784660002.1040,505,3028
1784660002.1064,497,3057
1784660002.1090,503,3054
1784660002.1116,497,3045
1784660002.1142,504,3026
1784660002.1166,495,3039
1784660002.1192,502,3059
1784660002.1216,502,3005
1784660002.1242,498,3052
1784660002.1269,497,3055
1784660002.1297,502,3060
1784660002.1320,499,3039
1784660002.1345,494,3059
1784660002.1367,494,3050
1784660002.1390,485,3042
1784660002.1676,500,3060
1784660002.1703,499,3044
1784660002.1726,490,3041
1784660002.1752,493,3087
1784660002.1780,505,3059
1784660002.1867,507,3045
1784660002.1890,491,3039
1784660002.1914,504,3043
1784660002.1938,494,3061
1784660002.1961,494,3039
1784660002.1987,495,3051
1784660002.2009,499,3025
1784660002.2035,491,3081
1784660002.2059,500,3043
1784660002.2085,494,3061
1784660002.2113,500,3067
1784660002.2136,495,3074
1784660002.2163,487,3041
1784660002.2186,500,3046
1784660002.2214,526,3037
1784660002.2240,492,3048
1784660002.2264,489,3062
1784660002.2289,509,3065
1784660002.2316,495,3065
1784660002.2340,501,3053
1784660002.2363,491,3050
1784660002.2388,494,3054
1784660002.2414,497,3055
1784660002.2441,498,3043
1784660002.2469,499,3050
1784660002.2496,496,3051
1784660002.2520,503,3043
1784660002.2542,506,3041
1784660002.2570,499,3038
1784660002.2593,499,3071
1784660002.2618,497,3059
1784660002.2645,487,3069
1784660002.2668,500,3064
1784660002.2694,505,3022
1784660002.2720,500,3031
1784660002.2743,492,3048
1784660002.2770,496,3055
1784660002.2797,498,3045
1784660002.2820,501,3058
1784660002.2848,491,3038
1784660002.2871,495,3042
1784660002.2896,499,3081
1784660002.2922,502,3045
1784660002.2945,497,3090
1784660002.2973,499,3062
1784660002.2998,504,3044
1784660002.3024,496,3061
1784660002.3047,503,3060
1784660002.3072,489,3052
1784660002.3095,494,3046
1784660002.3121,502,3051
1784660002.3146,497,3051
1784660002.3170,507,3048
1784660002.3196,502,3051
1784660002.3224,494,3031
1784660002.3251,501,3068
1784660002.3275,504,3046
1784660002.3298,487,3061
1784660002.3324,496,3064
1784660002.3348,506,3059
1784660002.3372,503,3050
1784660002.3399,500,3064
1784660002.3425,497,3068
1784660002.4021,492,3034
1784660002.4049,498,3061
1784660002.4074,499,3052
1784660002.4102,507,3063
1784660002.4126,497,3029
1784660002.4151,496,3036
1784660002.4176,494,3039
1784660002.4203,502,3055
1784660002.4228,503,3050
1784660002.4254,506,3067
1784660002.4282,500,3039
1784660002.4307,498,3059
1784660002.4332,479,3047
1784660002.4360,507,3037
1784660002.4386,492,3053
1784660002.4413,499,3046
1784660002.4436,501,3061
1784660002.4460,494,3033
1784660002.4483,531,3043
1784660002.4509,500,3058
1784660002.4537,499,3050
1784660002.4564,503,3053
1784660002.4586,498,3029
1784660002.4611,493,3038
1784660002.4633,561,3049
1784660002.4659,495,3057
1784660002.4682,496,3049
1784660002.4707,497,3082
1784660002.4731,494,3082
1784660002.4757,501,3062
1784660002.4782,501,3037
1784660002.4808,501,3043
1784660002.4832,493,3050
1784660002.4860,499,3064
1784660002.4885,493,3034
1784660002.4911,499,3060
1784660002.4937,502,3078
1784660002.4961,504,3053
1784660002.4987,505,3071
1784660002.5010,497,3045
1784660002.5033,498,3033
1784660002.5056,494,3061
1784660002.5079,493,3062
1784660002.5102,491,3060
1784660002.5124,494,3038
1784660002.5147,502,3058
1784660002.5174,492,3037
1784660002.5199,491,3050
1784660002.5226,507,3050
1784660002.5250,500,3040
1784660002.5276,494,3068
1784660002.5300,484,3063
1784660002.5325,509,3076
1784660002.5353,491,3101
1784660002.5377,500,3153
1784660002.5405,498,3188
1784660002.5427,489,3211
1784660002.5453,505,3220
1784660002.5477,493,3262
1784660002.5500,496,3290
1784660002.5526,493,3312
1784660002.5551,495,3296
1784660002.5576,504,3382
1784660002.5600,499,3368
1784660002.5624,520,3431
1784660002.5651,500,3409
1784660002.5677,509,3434
1784660002.5701,500,3427
1784660002.5725,494,3481
1784660002.5749,511,3471
1784660002.5775,498,3474
1784660002.5801,485,3467
1784660002.5827,487,3558
1784660002.5854,499,3417
1784660002.5878,501,3478
1784660002.5905,496,3579
1784660002.5932,505,3509
1784660002.5956,499,3617
1784660002.5982,505,3462
1784660002.6005,500,3550
1784660002.6029,505,3621
1784660002.6184,507,3608
1784660002.6211,491,3583
1784660002.6236,492,3598
1784660002.6260,497,3718
1784660002.6285,500,3562
1784660002.6308,493,3625
1784660002.6331,495,3577
1784660002.6354,491,3581
1784660002.6378,487,3546
1784660002.6402,486,3697
1784660002.6429,498,3646
1784660002.6454,504,3593
1784660002.6477,504,3643
1784660002.6499,499,3680
1784660002.6527,489,3605
1784660002.6552,499,3679
1784660002.6574,511,3663
1784660002.6600,499,3691
1784660002.6626,501,3643
1784660002.6649,492,3719
1784660002.6672,506,3633
1784660002.6696,499,3714
1784660002.6719,497,3703
1784660002.6742,499,3679
1784660002.6768,492,3621
1784660002.6794,504,3694
1784660002.6817,498,3688
1784660002.6842,499,3675
1784660002.6864,509,3667
1784660002.6889,499,3668
1784660002.6916,489,3673
1784660002.6943,495,3693
1784660002.6970,499,3651
1784660002.6998,497,3776
1784660002.7020,494,3635
1784660002.7046,504,3620
1784660002.7070,492,3753
1784660002.7095,504,3621
1784660002.7122,498,3734
1784660002.7146,504,3678
1784660002.7844,491,3722
1784660002.7867,497,3728
1784660002.7889,498,3695
1784660002.7913,496,3731
1784660002.7939,490,3669
1784660002.7966,494,3663
1784660002.7992,501,3750
1784660002.8016,494,3778
1784660002.8044,497,3710
1784660002.8067,507,3710
1784660002.8542,501,3676
1784660002.8568,493,3730
1784660002.8592,496,3751
1784660002.8615,494,3681
1784660002.8638,484,3744
1784660002.8664,503,3714
1784660002.8691,503,3704
1784660002.8716,489,3649
1784660002.8740,503,3724
1784660002.8767,499,3739
1784660002.8794,503,3649
1784660002.8818,505,3717
1784660002.8841,497,3738
1784660002.8866,497,3755
1784660002.8894,490,3671
1784660002.8920,487,3722
1784660002.8947,505,3689
1784660002.8975,491,3705
1784660002.9002,504,3742
1784660002.9027,501,3720
1784660002.9050,504,3680
1784660002.9072,502,3788
1784660002.9099,503,3763
1784660002.9126,494,3704
1784660002.9153,560,3725
1784660002.9176,499,3679
1784660002.9202,498,3708
1784660002.9229,503,3726
1784660002.9251,506,3661
1784660002.9278,497,3728
1784660002.9304,499,3700
1784660002.9331,497,3681
1784660002.9358,504,3669
1784660002.9381,499,3627
1784660002.9405,507,3786
1784660002.9428,505,3665
1784660002.9452,499,3663
1784660002.9475,502,3646
1784660002.9497,507,3644
1784660002.9522,497,3642
1784660002.9549,496,3687
1784660002.9575,501,3742
1784660002.9600,492,3724
1784660002.9627,507,3676
1784660002.9651,497,3720
1784660002.9678,505,3791
1784660002.9705,495,3692
1784660002.9729,502,3702
1784660002.9752,493,3760
1784660002.9778,496,3743
1784660002.9804,488,3645
1784660002.9828,498,3735
1784660002.9852,498,3702
1784660002.9876,499,3708
1784660002.9898,495,3704
1784660002.9925,499,3688
1784660002.9951,500,3825
1784660002.9975,511,3708
1784660002.9998,509,3628
1784660003.0023,488,3644
1784660003.0048,495,3658
1784660003.0075,489,3697
1784660003.0103,487,3667
1784660003.0128,494,3658
1784660003.0154,498,3640
1784660003.0180,500,3692
1784660003.0208,501,3678
1784660003.0235,490,3752
1784660003.0262,496,3744
1784660003.0285,505,3730
1784660003.0309,500,3692
1784660003.0331,502,3691
1784660003.0355,504,3668
1784660003.0378,501,3797
1784660003.0401,501,3678
1784660003.0425,506,3718
1784660003.0450,496,3665
1784660003.0478,503,3687
1784660003.0500,499,3706
1784660003.0524,489,3724
1784660003.0548,485,3701
1784660003.0576,490,3631
1784660003.0601,494,3686
1784660003.0627,499,3682
1784660003.0650,508,3709
1784660003.0675,497,3725
1784660003.0699,503,3758
1784660003.0726,512,3658
1784660003.0748,485,3640
1784660003.0776,496,3638
1784660003.0798,499,3692
1784660003.0825,497,3754
1784660003.0850,499,3785
1784660003.0878,504,3667
1784660003.0902,491,3791
1784660003.0929,493,3692
1784660003.0954,496,3714
1784660003.0978,500,3645
1784660003.1002,500,3737
1784660003.1132,505,3663
1784660003.1159,496,3680
1784660003.1185,500,3705
1784660003.1210,490,3750
1784660003.1234,496,3669
1784660003.1262,503,3732
1784660003.1285,501,3744
1784660003.1312,508,3694
1784660003.1338,497,3717
1784660003.1363,501,3713
1784660003.1385,505,3747
1784660003.1409,506,3728
1784660003.1431,498,3706
1784660003.1458,503,3667
1784660003.1486,498,3735
1784660003.1510,490,3691
1784660003.1532,499,3703
1784660003.1558,493,3664
1784660003.1585,509,3713
1784660003.1609,489,3668
1784660003.1631,497,3706
1784660003.1654,504,3671
1784660003.1677,504,3720
1784660003.1700,502,3853
1784660003.1722,501,3707
1784660003.1746,491,3721
1784660003.1770,571,3731
1784660003.1795,496,3737
1784660003.1819,489,3630
1784660003.1846,499,3660
1784660003.1873,498,3762
1784660003.1900,494,3729
1784660003.1925,500,3691
1784660003.1947,506,3690
1784660003.1973,508,3702
1784660003.1997,497,3677
1784660003.2024,499,3613
1784660003.2048,497,3694
1784660003.2073,504,3671
1784660003.2096,496,3690
1784660003.2124,505,3738
1784660003.2150,502,3726
1784660003.2177,496,3760
1784660003.2201,500,3671
1784660003.2224,502,3718
1784660003.2248,503,3666
1784660003.2274,497,3628
1784660003.2296,502,3747
1784660003.2321,497,3666
1784660003.2344,504,3759
1784660003.2368,501,3746
1784660003.2396,496,3716
1784660003.2422,501,3714
1784660003.2446,495,3688
1784660003.2470,494,3750
1784660003.2497,495,3719
1784660003.2524,496,3671
1784660003.2547,502,3684
1784660003.2571,495,3671
1784660003.2596,495,3767
1784660003.2620,499,3738
1784660003.2645,501,3697
1784660003.2670,503,3629
1784660003.2692,499,3655
1784660003.2717,494,3685
1784660003.2740,509,3660
1784660003.2765,500,3676
1784660003.2789,489,3709
1784660003.2815,506,3650
1784660003.2838,498,3736
1784660003.2862,507,3792
1784660003.2885,496,3670
1784660003.2908,496,3715
1784660003.2933,489,3725
1784660003.2961,498,3704
1784660003.2984,493,3769
1784660003.3008,506,3614
1784660003.3030,505,3696
1784660003.3058,492,3682
1784660003.3085,495,3726
1784660003.3107,498,3653
1784660003.3133,500,3786
1784660003.3157,487,3637
1784660003.3181,495,3723
1784660003.3209,492,3715
1784660003.3234,501,3676
1784660003.3260,500,3680
1784660003.3283,499,3774
1784660003.3308,495,3738
1784660003.3336,500,3727
1784660003.3361,502,3739
1784660003.3387,546,3637
1784660003.3410,507,3711
1784660003.3435,493,3683
1784660003.3460,495,3775
1784660003.3486,556,3686
1784660003.3513,506,3716
1784660003.3540,496,3736
1784660003.3566,501,3738
1784660003.3594,501,3737
1784660003.3751,498,3714
1784660003.3777,508,3726
1784660003.3801,509,3673
1784660003.3824,505,3839
1784660003.3848,502,3653
1784660003.3871,510,3784
1784660003.3895,499,3680
1784660003.3920,498,3774
1784660003.3948,502,3718
1784660003.3972,499,3647
1784660003.3996,500,3648
1784660003.4022,507,3684
1784660003.4048,493,3659
1784660003.4072,499,3705
1784660003.4099,501,3730
1784660003.4127,501,3617
1784660003.4153,498,3653
1784660003.4175,494,3637
1784660003.4199,499,3654
1784660003.4226,504,3753
1784660003.4248,494,3744
1784660003.4272,494,3723
1784660003.4296,495,3777
1784660003.4321,495,3749
1784660003.4344,495,3736
1784660003.4372,499,3741
1784660003.4398,488,3721
1784660003.4421,493,3728
1784660003.4449,503,3673
1784660003.4472,500,3672
1784660003.4497,497,3632
1784660003.4525,495,3737
1784660003.4550,494,3674
1784660003.4574,509,3695
1784660003.4601,503,3679
1784660003.4628,495,3704
1784660003.4653,506,3670
1784660003.4676,496,3702
1784660003.4703,507,3704
1784660003.4728,507,3660
1784660003.4752,500,3704
1784660003.4777,503,3708
1784660003.4799,493,3632
1784660003.4826,495,3725
1784660003.4851,503,3678
1784660003.4875,502,3713
1784660003.4901,491,3735
1784660003.4924,512,3687
1784660003.4950,495,3667
1784660003.4978,498,3712
1784660003.5001,500,3644
1784660003.5027,496,3738
1784660003.5053,494,3694
1784660003.5077,494,3730
1784660003.5105,510,3745
1784660003.5131,496,3639
1784660003.5155,505,3707
1784660003.5182,495,3619
1784660003.5209,496,3672
1784660003.5233,507,3686
1784660003.5258,506,3670
1784660003.5286,497,3651
1784660003.5309,490,3762
1784660003.5334,489,3718
1784660003.5361,511,3643
1784660003.5385,494,3799
1784660003.5408,499,3663
1784660003.5434,492,3785
1784660003.5461,496,3638
1784660003.5485,494,3720
1784660003.5512,489,3704
1784660003.5538,495,3686
1784660003.5563,494,3601
1784660003.5587,491,3760
1784660003.5611,500,3719
1784660003.5638,496,3658
1784660003.5663,508,3632
1784660003.5689,497,3725
1784660003.5713,490,3713
1784660003.5739,507,3700
1784660003.5764,493,3702
1784660003.5791,500,3686
1784660003.5818,498,3767
1784660003.5841,497,3699
1784660003.5864,496,3621
1784660003.5888,501,3660
1784660003.5912,492,3737
1784660003.5937,500,3712
1784660003.5960,501,3627
1784660003.5985,487,3734
1784660003.6013,492,3713
1784660003.6041,506,3654
1784660003.6066,494,3812
1784660003.6094,494,3676
1784660003.6118,494,3639
1784660003.6144,500,3664
1784660003.6168,493,3710
1784660003.6194,505,3751
1784660003.6221,498,3692
1784660003.6247,499,3627
1784660003.6269,502,3688
1784660003.6293,490,3759
1784660003.6316,492,3700
1784660003.6341,497,3773
1784660003.6366,494,3714
1784660003.6389,499,3767
1784660003.6412,501,3791
1784660003.6437,501,3705
1784660003.6460,507,3714
1784660003.6484,494,3702
1784660003.6511,496,3759
1784660003.6538,489,3755
1784660003.6565,501,3743
1784660003.6588,493,3672
1784660003.6610,492,3647
1784660003.6632,510,3636
1784660003.6659,513,3642
1784660003.6683,493,3690
1784660003.6710,499,3754
1784660003.6734,491,3731
1784660003.6758,492,3704
1784660003.6782,549,3713
1784660003.6806,496,3732
1784660003.6833,508,3717
1784660003.6858,490,3677
1784660003.6882,495,3690
1784660003.6906,499,3722
1784660003.6928,493,3658
1784660003.6955,494,3765
1784660003.6980,491,3631
1784660003.7008,490,3819
1784660003.7033,492,3678
1784660003.7058,504,3744
1784660003.7082,501,3666
1784660003.7110,501,3702
1784660003.7134,501,3728
1784660003.7160,493,3630
1784660003.7184,491,3727
1784660003.7210,498,3667
1784660003.7236,500,3810
1784660003.7260,506,3669
1784660003.7283,506,3767
1784660003.7307,492,3631
1784660003.7334,506,3739
1784660003.7359,494,3649
1784660003.7386,501,3703
1784660003.7412,498,3641
1784660003.7436,502,3702
1784660003.7463,509,3648
1784660003.7487,494,3705
1784660003.7515,498,3722
1784660003.7538,496,3716
1784660003.7561,492,3784
1784660003.7584,505,3715
1784660003.7610,498,3661
1784660003.7635,494,3751
1784660003.7662,540,3695
1784660003.7687,502,3715
1784660003.7712,492,3761
1784660003.7739,505,3794
1784660003.7763,498,3707
1784660003.7789,494,3729
1784660003.7814,504,3703
1784660003.7841,500,3753
1784660003.7865,498,3608
1784660003.7893,493,3720
1784660003.7921,498,3665
1784660003.7944,500,3558
1784660003.7967,491,3566
1784660003.7990,500,3610
1784660003.8016,508,3607
1784660003.8044,504,3546
1784660003.8069,499,3603
1784660003.8093,501,3655
1784660003.8119,495,3546
1784660003.8144,499,3541
1784660003.8607,505,3591
1784660003.8631,500,3611
1784660003.8655,495,3533
1784660003.8681,489,3560
1784660003.8706,507,3441
1784660003.8733,495,3549
1784660003.8760,495,3499
1784660003.8787,501,3531
1784660003.8809,510,3482
1784660003.8836,495,3522
1784660003.8863,500,3439
1784660003.8889,499,3476
1784660003.8913,499,3573
1784660003.8936,500,3492
1784660003.8962,492,3432
1784660003.8987,502,3478
1784660003.9010,502,3422
1784660003.9034,491,3435
1784660003.9057,499,3428
1784660003.9085,499,3454
1784660003.9109,504,3465
1784660003.9136,500,3459
1784660003.9159,512,3443
1784660003.9184,501,3426
1784660003.9207,528,3444
1784660003.9230,493,3380
1784660003.9254,504,3373
1784660003.9279,499,3375
1784660003.9302,501,3444
1784660003.9324,499,3404
1784660003.9348,497,3416
1784660003.9374,507,3358
1784660003.9397,495,3392
1784660003.9422,490,3386
1784660003.9447,502,3386
1784660003.9475,498,3382
1784660003.9503,500,3358
1784660003.9528,499,3314
1784660003.9555,496,3340
1784660003.9583,503,3301
1784660003.9611,490,3364
1784660003.9638,498,3332
1784660003.9660,496,3341
1784660003.9683,500,3351
1784660003.9707,492,3346
1784660003.9734,497,3306
1784660003.9757,499,3297
1784660003.9784,491,3261
1784660003.9807,493,3318
1784660003.9835,503,3294
1784660003.9859,500,3310
1784660003.9886,506,3275
1784660003.9914,501,3298
1784660003.9937,495,3276
1784660003.9961,498,3264
1784660003.9985,497,3307
1784660004.0008,493,3292
1784660004.0033,493,3272
1784660004.0060,495,3283
1784660004.0086,516,3264
1784660004.0113,496,3267
1784660004.0135,492,3292
1784660004.0161,504,3217
1784660004.0183,489,3237
1784660004.0207,492,3256
1784660004.0235,500,3234
1784660004.0260,495,3225
1784660004.0286,495,3240
1784660004.0308,508,3234
1784660004.0334,499,3232
1784660004.0356,494,3245
1784660004.0378,510,3212
1784660004.0401,495,3203
1784660004.0427,496,3232
1784660004.0452,503,3232
1784660004.0479,499,3233
1784660004.0502,498,3188
1784660004.0525,493,3230
1784660004.0550,493,3235
1784660004.0572,500,3203
1784660004.0594,496,3195
1784660004.0619,502,3237
1784660004.0644,499,3192
1784660004.0671,502,3190
1784660004.0693,499,3203
1784660004.0719,499,3203
1784660004.0745,496,3184
1784660004.0767,488,3182
1784660004.0789,506,3193
1784660004.0812,500,3163
1784660004.0837,494,3185
1784660004.0864,493,3188
1784660004.0891,495,3214
1784660004.0914,496,3140
1784660004.0940,499,3182
1784660004.0964,489,3202
1784660004.0988,504,3188
1784660004.1015,493,3175
1784660004.1042,504,3172
1784660004.1068,497,3159
1784660004.1092,497,3176
1784660004.1115,498,3187
1784660004.1140,500,3167
1784660004.1163,500,3175
1784660004.1191,493,3164
1784660004.1214,503,3124
1784660004.1239,502,3160
1784660004.1264,498,3144
1784660004.1288,492,3170
1784660004.1312,492,3144
1784660004.1338,487,3171
1784660004.1362,495,3142
1784660004.1518,504,3126
1784660004.1543,495,3130
1784660004.1567,491,3098
1784660004.1594,502,3163
1784660004.1621,496,3159
1784660004.1643,502,3146
1784660004.1671,487,3146
1784660004.1698,502,3139
1784660004.1726,498,3162
1784660004.1753,504,3168
1784660004.1778,491,3159
1784660004.1805,498,3142
1784660004.1833,503,3148
1784660004.1858,492,3135
1784660004.1882,506,3091
1784660004.1909,504,3099
1784660004.1936,499,3114
1784660004.1963,498,3095
1784660004.1990,513,3104
1784660004.2012,496,3126
1784660004.2039,501,3126
1784660004.2065,496,3093
1784660004.2091,496,3132
1784660004.2116,491,3107
1784660004.2138,502,3151
1784660004.2161,502,3135
1784660004.2184,504,3092
1784660004.2209,508,3082
1784660004.2235,504,3105
1784660004.2262,502,3113
1784660004.2285,502,3108
1784660004.2312,506,3123
1784660004.2339,498,3110
1784660004.2363,491,3122
1784660004.2386,494,3115
1784660004.2410,504,3127
1784660004.2433,490,3128
1784660004.2455,508,3123
1784660004.2478,506,3109
1784660004.3194,505,3137
1784660004.3219,503,3111
1784660004.3241,499,3080
1784660004.3267,503,3113
1784660004.3292,495,3099
1784660004.3317,500,3101
1784660004.3343,500,3116
1784660004.3369,508,3111
1784660004.3395,496,3092
1784660004.3421,485,3143
1784660004.3445,490,3138
1784660004.3468,490,3141
1784660004.3493,501,3110
1784660004.3520,504,3090
1784660004.3545,496,3129
1784660004.3570,507,3083
1784660004.3598,503,3120
1784660004.3625,509,3106
1784660004.3651,498,3082
1784660004.3675,503,3098
1784660004.3699,496,3090
1784660004.3725,514,3095
1784660004.3749,505,3093
1784660004.3772,498,3084
1784660004.3796,509,3103
1784660004.3821,486,3116
1784660004.3847,507,3075
1784660004.3872,497,3103
1784660004.3900,499,3085
1784660004.3925,498,3081
1784660004.3953,495,3095
1784660004.3976,489,3084
1784660004.4002,499,3099
1784660004.4026,500,3135
1784660004.4049,493,3086
1784660004.4075,492,3081
1784660004.4102,487,3099
1784660004.4127,501,3060
1784660004.4151,496,3083
1784660004.4178,498,3079
1784660004.4203,504,3073
1784660004.4229,504,3079
1784660004.4253,488,3095
1784660004.4276,504,3084
1784660004.4303,491,3103
1784660004.4330,497,3071
1784660004.4353,490,3081
1784660004.4375,502,3091
1784660004.4398,488,3078
1784660004.4421,494,3077
1784660004.4446,494,3088
1784660004.4468,503,3072
1784660004.4494,507,3095
1784660004.4521,496,3050
1784660004.4547,510,3087
1784660004.4569,502,3064
1784660004.4592,502,3082
1784660004.4617,490,3098
1784660004.4645,501,3075
1784660004.4668,493,3060
1784660004.4696,492,3067
1784660004.4719,497,3080
1784660004.4746,495,3072
1784660004.4768,499,3092
1784660004.4795,503,3063
1784660004.4822,494,3046
1784660004.4848,499,3080
1784660004.4875,501,3074
1784660004.4902,502,3058
1784660004.4924,484,3058
1784660004.4950,505,3096
1784660004.4974,498,3090
1784660004.5001,489,3080
1784660004.5023,492,3071
1784660004.5048,492,3061
1784660004.5076,499,3060
1784660004.5101,507,3084
1784660004.5129,500,3068
1784660004.5153,488,3057
1784660004.5175,494,3072
1784660004.5202,496,3073
1784660004.5225,494,3058
1784660004.5251,501,3075
1784660004.5278,496,3067
1784660004.5304,508,3085
1784660004.5331,496,3060
1784660004.5356,492,3055
1784660004.5379,501,3053
1784660004.5401,497,3038
1784660004.5428,499,3055
1784660004.5455,503,3061
1784660004.5480,504,3071
1784660004.5507,502,3062
1784660004.5534,493,3062
1784660004.5560,495,3069
1784660004.5586,498,3082
1784660004.5612,496,3065
1784660004.5634,500,3054
1784660004.5656,498,3084
1784660004.5680,500,3083
1784660004.5703,486,3056
1784660004.5729,495,3089
1784660004.5755,506,3069
1784660004.5783,490,3027
1784660004.5810,505,3041
1784660004.5833,490,3076
1784660004.5857,498,3067
1784660004.5879,501,3069
1784660004.5903,490,3066
1784660004.5930,494,3052
1784660004.5957,493,3087
1784660004.5979,506,3048
1784660004.6004,510,3048
1784660004.6028,494,3043
1784660004.6051,499,3062
1784660004.6074,495,3040
1784660004.6099,503,3103
1784660004.6122,500,3075
1784660004.6144,492,3070
1784660004.6170,504,3075
1784660004.6195,499,3064
1784660004.6219,491,3049
1784660004.6246,500,3046
1784660004.6271,498,3044
1784660004.7042,490,3057
1784660004.7064,500,3059
1784660004.7091,512,3074
1784660004.7118,493,3062
1784660004.7144,494,3020
1784660004.7168,505,3058
1784660004.7195,501,3070
1784660004.7222,505,3093
1784660004.7249,505,3073
1784660004.7272,490,3077
1784660004.7298,505,3031
1784660004.7323,484,3056
1784660004.7349,491,3044
1784660004.7377,488,3079
1784660004.7401,488,3058
1784660004.7427,507,3046
1784660004.7453,503,3055
1784660004.7479,498,3055
1784660004.7504,495,3079
1784660004.7530,502,3034
1784660004.7558,489,3074
1784660004.7580,497,3076
1784660004.7608,498,3054
1784660004.7635,491,3048
1784660004.7658,505,3053
1784660004.7683,501,3064
1784660004.7706,497,3064
1784660004.7733,501,3044
1784660004.7761,495,3046
1784660004.7787,496,3044
1784660004.7814,500,3039
1784660004.7840,493,3073
1784660004.7864,496,3074
1784660004.7887,506,3063
1784660004.7912,506,3078
1784660004.7939,492,3050
1784660004.7964,507,3060
1784660004.7989,497,3061
1784660004.8015,503,3065
1784660004.8037,496,3072
1784660004.8063,507,3050
1784660004.8087,493,3076
1784660004.8114,502,3060
1784660004.8141,504,3079
1784660004.8164,490,3042
1784660004.8192,485,3066
1784660004.8219,492,3062
1784660004.8244,500,3049
1784660004.8269,489,3035
1784660004.8296,495,3060
1784660004.8320,494,3062
1784660004.8343,501,3049
1784660004.8371,488,3069
1784660004.8397,495,3060
1784660004.8419,499,3059
1784660004.8447,507,3046
1784660004.8474,568,3048
1784660004.8500,493,3043
1784660004.8525,495,3060
1784660004.8552,502,3059
1784660004.8580,506,3067
1784660004.8605,510,3065
1784660004.8633,508,3074
1784660004.8659,510,3045
1784660004.8684,497,3033
1784660004.8711,494,3046
1784660004.8733,490,3079
1784660004.8756,502,3073
1784660004.8778,501,3061
1784660004.8802,498,3053
1784660004.8826,493,3043
1784660004.8851,499,3058
1784660004.8874,502,3049
1784660004.8900,502,3061
1784660004.8924,499,3035
1784660004.8950,499,3050
1784660004.8973,497,3048
1784660004.9000,495,3074
1784660004.9024,500,3033
1784660004.9052,491,3030
1784660004.9076,497,3031
1784660004.9100,503,3064
1784660004.9122,493,3054
1784660004.9145,495,3055
1784660004.9170,493,3064
1784660004.9195,494,3056
1784660004.9223,498,3043
1784660004.9251,501,3059
1784660004.9274,497,3047
1784660004.9296,505,3049
1784660004.9320,491,3061
1784660004.9342,501,3056
1784660004.9365,509,3060
1784660004.9389,503,3049
1784660004.9416,493,3051
1784660005.0178,501,3066
1784660005.0201,508,3049
1784660005.0225,491,3077
1784660005.0251,502,3070
1784660005.0278,494,3054
1784660005.0303,500,3057
1784660005.0327,492,3030
1784660005.0352,486,3045
1784660005.0378,494,3067
1784660005.0404,501,3076
1784660005.0430,500,3051
1784660005.0455,495,3065
1784660005.0479,490,3043
1784660005.0502,497,3063
1784660005.0530,495,3060
1784660005.0554,502,3062
1784660005.0579,500,3026
1784660005.0602,503,3029
1784660005.0625,489,3040
1784660005.0653,499,3067
1784660005.0677,496,3058
1784660005.0702,489,3071
1784660005.0725,495,3043
1784660005.0749,498,3065
1784660005.0774,496,3056
1784660005.0797,492,3064
1784660005.0821,501,3053
1784660005.0848,495,3062
1784660005.0871,498,3068
1784660005.0893,486,3033
1784660005.0916,500,3033
1784660005.0939,495,3042
1784660005.0962,495,3027
1784660005.0985,490,3046
1784660005.1012,505,3056
1784660005.1035,508,3040
1784660005.1059,497,3046
1784660005.1086,495,3073
1784660005.1111,494,3044
1784660005.1134,500,3038
1784660005.1159,497,3071
1784660005.2051,494,3045
1784660005.2077,506,3054
1784660005.2104,480,3052
1784660005.2126,493,3032
1784660005.2152,495,3075
1784660005.2178,500,3051
1784660005.2205,496,3046
1784660005.2229,495,3046
1784660005.2252,493,3070
1784660005.2279,495,3059
1784660005.2304,502,3038
1784660005.2328,507,3024
1784660005.2355,491,3054
1784660005.2382,491,3050
1784660005.2409,498,3053
1784660005.2433,497,3053
1784660005.2457,497,3043
1784660005.2484,496,3062
1784660005.2512,492,3047
1784660005.2536,501,3051
1784660005.2559,496,3057
1784660005.2583,505,3070
1784660005.2609,498,3058
1784660005.2633,497,3064
1784660005.2659,499,3063
1784660005.2686,500,3063
1784660005.2713,501,3052
1784660005.2739,500,3031
1784660005.2764,506,3056
1784660005.2788,497,3039
1784660005.2811,497,3020
1784660005.2836,504,3056
1784660005.2862,500,3062
1784660005.2888,497,3066
1784660005.2913,496,3022
1784660005.2936,505,3066
1784660005.2960,505,3043
1784660005.2985,484,3054
1784660005.3010,506,3078
1784660005.3038,495,3029
1784660005.3065,509,3066
1784660005.3090,495,3063
1784660005.3118,492,3063
1784660005.3144,490,3077
1784660005.3170,500,3065
1784660005.3196,492,3049
1784660005.3219,509,3023
1784660005.3245,504,3078
1784660005.3269,504,3048
1784660005.3294,504,3063
1784660005.3320,497,3058
1784660005.3344,500,3051
1784660005.3371,487,3056
1784660005.3396,502,3060
1784660005.3419,493,3063
1784660005.3447,496,3053
1784660005.3471,489,3046
1784660005.3498,513,3049
1784660005.3524,504,3059
1784660005.3550,498,3073
1784660005.3577,491,3064
1784660005.3600,503,3068
1784660005.3628,500,3056
1784660005.3654,493,3032
1784660005.3680,506,3049
1784660005.3706,499,3053
1784660005.3731,505,3044
1784660005.3753,502,3038
1784660005.3778,511,3020
1784660005.3804,494,3074
1784660005.3827,507,3056
1784660005.3854,498,3071
1784660005.3878,501,3049
1784660005.3905,491,3038
1784660005.3928,497,3065
1784660005.3955,503,3061
1784660005.3978,500,3059
1784660005.4000,499,3045
1784660005.4027,504,3061
1784660005.4050,507,3060
1784660005.4078,492,3056
1784660005.4105,504,3087
1784660005.4129,495,3047
1784660005.4154,506,3050
1784660005.4180,499,3063
1784660005.4208,503,3053
1784660005.4230,496,3038
1784660005.4255,499,3031
1784660005.4279,496,3079
1784660005.4301,500,3048
1784660005.4325,488,3024
1784660005.4350,500,3053
1784660005.4378,501,3055
1784660005.4405,506,3051
1784660005.4432,499,3052
1784660005.4455,489,3049
1784660005.4481,494,3008
1784660005.4504,501,3070
1784660005.4529,504,3062
1784660005.4554,502,3057
1784660005.4576,502,3053
1784660005.4600,495,3037
1784660005.4622,505,3069
1784660005.4649,502,3057
1784660005.4674,493,3052
1784660005.4700,501,3042
1784660005.4725,498,3054
1784660005.4750,493,3061
1784660005.4773,489,3028
1784660005.4798,493,3054
1784660005.4825,492,3044
1784660005.4849,503,3038
1784660005.4875,498,3044
1784660005.4901,498,3034
1784660005.4926,501,3055
1784660005.4953,486,3066
1784660005.4980,497,3063
1784660005.5006,501,3045
1784660005.5031,501,3072
1784660005.5058,502,3056
1784660005.5080,493,3054
1784660005.5103,510,3049
1784660005.5129,501,3042
1784660005.5156,495,3047
1784660005.5180,495,3030
1784660005.5206,493,3053
1784660005.5230,505,3050
1784660005.5254,500,3062
1784660005.5281,497,3058
1784660005.5306,496,3061
1784660005.5329,496,3068
1784660005.5353,495,3059
1784660005.5378,497,3042
1784660005.5401,508,3055
1784660005.5427,493,3061
1784660005.5451,505,3054
1784660005.5479,503,3035
1784660005.5502,494,3032
1784660005.5527,497,3030
1784660005.5553,493,3044
1784660005.5580,494,3038
1784660005.5607,497,3028
1784660005.5635,491,3038
1784660005.5660,498,3046
1784660005.5682,551,3050
1784660005.5706,504,3023
1784660005.5733,504,3053
1784660005.5755,503,3065
1784660005.5780,496,3068
1784660005.5806,487,3052
1784660005.5830,500,3039
1784660005.5852,499,3055
1784660005.5880,504,3043
1784660005.5907,497,3051
1784660005.5929,504,3047
1784660005.5956,501,3058
1784660005.5981,498,3075
1784660005.6006,490,3036
1784660005.6033,493,3051
1784660005.6055,504,3032
1784660005.6082,499,3057
1784660005.6107,488,3049
1784660005.6129,495,3057
1784660005.6155,499,3075
1784660005.6177,482,3050
1784660005.6200,503,3056
1784660005.6224,491,3030
1784660005.6249,493,3038
1784660005.6276,495,3076
1784660005.6299,509,3042
1784660005.6323,497,3038
1784660005.6348,498,3084
1784660005.6376,496,3038
1784660005.6401,501,3006
1784660005.6429,504,3048
1784660005.6457,506,3040
1784660005.6479,497,3037
1784660005.6502,491,3063
1784660005.6526,495,3031
1784660005.6552,500,3048
1784660005.6576,491,3049
1784660005.6602,506,3026
1784660005.6624,502,3048
1784660005.6651,501,3028
1784660005.6676,499,3059
1784660005.6698,494,3038
1784660005.6720,507,3043
1784660005.6745,492,3057
1784660005.6768,487,3038
1784660005.6793,506,3050
1784660005.6818,492,3039
1784660005.6843,495,3045
1784660005.6870,496,3033
1784660005.6896,500,3074
1784660005.6920,507,3044
1784660005.6947,486,3053
1784660005.6969,494,3053
1784660005.6992,486,3008
1784660005.7015,497,3057
1784660005.7038,495,3034
1784660005.7061,496,3060
1784660005.7086,493,3061
1784660005.7110,496,3047
1784660005.7133,503,3043
1784660005.7158,492,3047
1784660005.7184,502,3070
1784660005.7207,500,3036
1784660005.7230,498,3034
1784660005.7257,507,3064
1784660005.7284,493,3061
1784660005.7310,501,3042
1784660005.7335,482,3043
1784660005.7361,485,3054
1784660005.7388,498,3028
1784660005.7411,504,3055
1784660005.7433,494,3044
1784660005.7457,498,3045
1784660005.7480,507,3069
1784660005.7507,496,3075
1784660005.7532,502,3029
1784660005.7554,501,3060
1784660005.7580,502,3041
1784660005.7602,486,3050
1784660005.7625,490,3040
1784660005.7652,492,3039
1784660005.7675,512,3057
1784660005.7701,511,3066
1784660005.7724,503,3038
1784660005.7750,487,3078
1784660005.7777,490,3044
1784660005.7800,492,3046
1784660005.7826,507,3050
1784660005.7848,507,3062
1784660005.7875,494,3065
1784660005.7897,503,3053
1784660005.7922,496,3071
1784660005.7947,504,3036
1784660005.7973,501,3049
1784660005.8000,497,3043
1784660005.8026,499,3053
1784660005.8049,489,3033
1784660005.8074,495,3051
1784660005.8099,493,3065
1784660005.8125,500,3067
1784660005.8149,500,3066
1784660005.8176,497,3064
1784660005.8201,495,3055
1784660005.8226,492,3035
1784660005.8248,498,3063
1784660005.8271,505,3045
1784660005.8296,496,3034
1784660005.8323,506,3051
1784660005.8345,498,3074
1784660005.8372,505,3038
1784660005.8400,496,3066
1784660005.8424,496,3044
1784660005.8448,496,3062
1784660005.8475,508,3052
1784660005.8501,493,3035
1784660005.8528,494,3048
1784660005.8553,499,3048
1784660005.8577,484,3044
1784660005.8604,500,3062
1784660005.8627,499,3057
1784660005.8651,495,3068
1784660005.8673,488,3065
1784660005.8700,506,3070
1784660005.8728,501,3039
1784660005.8751,504,3046
1784660005.8775,502,3066
1784660005.8801,497,3044
1784660005.8824,491,3048
1784660005.8852,501,3061
1784660005.8874,491,3054
1784660005.8898,489,3060
1784660005.8924,491,3040
1784660005.8947,498,3063
1784660005.8973,488,3048
1784660005.8996,497,3059
1784660005.9019,507,3069
1784660005.9042,510,3066
1784660005.9068,495,3063
1784660005.9094,502,3046
1784660005.9118,489,3049
1784660005.9143,497,3057
1784660005.9167,497,3037
1784660005.9193,489,3048
1784660005.9719,495,3054
1784660005.9742,507,3029
1784660005.9766,489,3024
1784660005.9793,512,3042
1784660005.9821,497,3063
1784660005.9847,489,3067
1784660005.9872,499,3056
1784660005.9897,498,3055
1784660005.9923,496,3059
1784660005.9947,499,3040
1784660005.9974,513,3075
1784660005.9999,503,3039
1784660006.0025,501,3045
1784660006.0048,506,3042
1784660006.0074,507,3030
1784660006.0102,499,3070
1784660006.0128,484,3068
1784660006.0156,493,3070
1784660006.0179,498,3041
1784660006.0202,502,3053
1784660006.0230,497,3056
1784660006.0257,502,3033
1784660006.0281,497,3047
1784660006.0303,503,3072
1784660006.0327,497,3061
1784660006.0350,498,3060
1784660006.0374,498,3045
1784660006.0396,497,3054
1784660006.0424,493,3037
1784660006.0451,503,3042
1784660006.0476,489,3020
1784660006.0500,483,3053
1784660006.0526,489,3061
1784660006.0549,503,3041
1784660006.0576,497,3062
1784660006.0600,504,3045
1784660006.0626,493,3034
1784660006.0653,501,3063
1784660006.0677,500,3020
1784660006.0705,503,3071
1784660006.0727,497,3046
1784660006.0751,499,3018
1784660006.0774,500,3061
1784660006.0800,498,3056
1784660006.0827,501,3067
1784660006.0850,500,3056
1784660006.0874,506,3065
1784660006.0902,504,3056
1784660006.0929,502,3051
1784660006.0955,498,3043
1784660006.0979,500,3049
1784660006.1003,499,3038
1784660006.1026,493,3073
1784660006.1054,510,3044
1784660006.1082,489,3047
1784660006.1106,499,3034
1784660006.1129,487,3046
1784660006.1152,488,3053
1784660006.1179,493,3038
1784660006.1206,495,3051
1784660006.1234,503,3054
1784660006.1260,498,3033
1784660006.1286,497,3044
1784660006.1311,500,3050
1784660006.1335,493,3079
1784660006.1358,487,3052
1784660006.1383,488,3066
1784660006.1408,516,3050
1784660006.1433,508,3077
1784660006.1461,494,3129
1784660006.1484,487,3173
1784660006.1506,500,3213
1784660006.1531,503,3261
1784660006.1553,500,3293
1784660006.1579,494,3321
1784660006.1604,500,3321
1784660006.1631,495,3354
1784660006.1654,495,3383
1784660006.1677,496,3421
1784660006.1705,492,3450
1784660006.1728,495,3454
1784660006.1752,493,3518
1784660006.1774,505,3493
1784660006.1798,498,3542
1784660006.1820,494,3536
1784660006.1847,496,3467
1784660006.1874,498,3550
1784660006.1902,492,3552
1784660006.1928,508,3576
1784660006.1951,502,3631
1784660006.1979,487,3668
1784660006.2006,497,3593
1784660006.2031,512,3624
1784660006.2057,490,3675
1784660006.2082,504,3686
1784660006.2107,502,3681
1784660006.2132,498,3725
1784660006.2155,504,3641
1784660006.2182,497,3671
1784660006.2207,496,3693
1784660006.2230,498,3699
1784660006.2253,501,3774
1784660006.2276,490,3675
1784660006.2298,504,3781
1784660006.2320,503,3695
1784660006.2345,506,3737
1784660006.2373,501,3674
1784660006.2399,496,3735
1784660006.2427,497,3749
1784660006.2449,496,3837
1784660006.2473,497,3812
1784660006.2499,513,3789
1784660006.2525,493,3727
1784660006.2553,500,3747
1784660006.2576,500,3798
1784660006.2600,499,3741
1784660006.2627,502,3799
1784660006.2650,499,3719
1784660006.2676,491,3785
1784660006.2698,488,3877
1784660006.2724,497,3752
1784660006.2747,497,3748
1784660006.2770,498,3840
1784660006.2797,510,3762
1784660006.2821,492,3731
1784660006.2844,499,3839
1784660006.2867,504,3846
1784660006.2894,494,3819
1784660006.3497,511,3784
1784660006.3523,496,3742
1784660006.3551,491,3860
1784660006.3574,506,3753
1784660006.3599,490,3766
1784660006.3626,495,3729
1784660006.3650,492,3757
1784660006.3677,498,3810
1784660006.3704,503,3806
1784660006.3727,508,3809
1784660006.3753,500,3776
1784660006.3780,496,3785
1784660006.3803,498,3826
1784660006.3826,491,3791
1784660006.3853,505,3734
1784660006.3881,482,3864
1784660006.3906,494,3821
1784660006.3928,492,3883
1784660006.3954,499,3777
1784660006.3981,504,3779
1784660006.4007,485,3758
1784660006.4031,502,3874
1784660006.4058,497,3847
1784660006.4082,494,3798
1784660006.4109,493,3861
1784660006.4134,497,3865
1784660006.4159,494,3757
1784660006.4184,506,3835
1784660006.4212,501,3750
1784660006.4236,499,3824
1784660006.4263,498,3859
1784660006.4287,498,3818
1784660006.4311,499,3822
1784660006.4334,503,3783
1784660006.4361,485,3853
1784660006.4384,492,3838
1784660006.4406,502,3791
1784660006.4433,494,3767
1784660006.4458,502,3785
1784660006.4484,493,3797
1784660006.4511,495,3791
1784660006.4533,493,3807
1784660006.4557,496,3866
1784660006.4582,492,3841
1784660006.4610,501,3830
1784660006.4637,501,3791
1784660006.4664,493,3751
1784660006.4687,499,3858
1784660006.4715,491,3873
1784660006.4737,495,3791
1784660006.4761,498,3766
1784660006.4784,493,3874
1784660006.4807,489,3854
1784660006.4830,496,3851
1784660006.4854,491,3788
1784660006.4882,493,3784
1784660006.4909,495,3824
1784660006.4934,564,3804
1784660006.4956,490,3744
1784660006.4979,503,3738
1784660006.5004,497,3811
1784660006.5032,493,3916
1784660006.5059,495,3760
1784660006.5082,499,3826
1784660006.5106,494,3806
1784660006.5129,493,3818
1784660006.5151,496,3788
1784660006.5177,510,3880
1784660006.5205,492,3829
1784660006.5231,500,3733
1784660006.5255,501,3766
1784660006.5281,507,3903
1784660006.5308,499,3877
1784660006.5333,497,3834
1784660006.5360,498,3838
1784660006.5386,500,3787
1784660006.5411,489,3875
1784660006.5436,499,3800
1784660006.5459,489,3778
1784660006.5487,495,3802
1784660006.5512,508,3801
1784660006.5536,497,3808
1784660006.5561,497,3735
1784660006.5586,494,3828
1784660006.5610,491,3856
1784660006.5638,494,3725
1784660006.5662,487,3837
1784660006.5689,499,3703
1784660006.5711,490,3693
1784660006.5737,499,3838
1784660006.5762,496,3849
1784660006.5788,491,3854
1784660006.5814,485,3766
1784660006.5836,491,3830
1784660006.5860,500,3803
1784660006.5884,495,3836
1784660006.5909,509,3800
1784660006.5931,506,3843
1784660006.5957,494,3818
1784660006.5983,499,3791
1784660006.6010,505,3784
1784660006.6032,495,3797
1784660006.6057,513,3731
1784660006.6081,505,3771
1784660006.6103,489,3745
1784660006.6128,491,3834
1784660006.6155,485,3918
1784660006.6183,505,3850
1784660006.6207,492,3857
1784660006.6230,500,3852
1784660006.6255,492,3803
1784660006.6278,512,3883
1784660006.6302,502,3706
1784660006.6324,508,3772
1784660006.6347,499,3808
1784660006.6375,505,3835
1784660006.6397,504,3725
1784660006.6425,503,3866
1784660006.6451,510,3817
1784660006.6476,509,3756
1784660006.6503,504,3717
1784660006.6530,503,3890
1784660006.6553,534,3847
1784660006.6575,491,3834
1784660006.6598,491,3820
1784660006.6623,497,3743
1784660006.6648,495,3857
1784660006.6671,484,3880
1784660006.6694,490,3841
1784660006.6717,491,3821
1784660006.6740,492,3723
1784660006.6768,495,3827
1784660006.6792,494,3832
1784660006.6817,496,3745
1784660006.6843,499,3873
1784660006.6868,498,3806
1784660006.6896,493,3783
1784660006.6920,505,3844
1784660006.6948,496,3819
1784660006.6971,501,3862
1784660006.6997,511,3826
1784660006.7022,497,3817
1784660006.7050,492,3736
1784660006.7072,500,3810
1784660006.7097,504,3855
1784660006.7125,498,3834
1784660006.7148,497,3714
1784660006.7171,490,3830
1784660006.7197,502,3742
1784660006.7220,505,3839
1784660006.7246,504,3811
1784660006.7274,492,3834
1784660006.7301,497,3840
1784660006.7327,500,3766
1784660006.7355,494,3760
1784660006.7380,496,3857
1784660006.7407,494,3726
1784660006.7429,497,3801
1784660006.7452,494,3843
1784660006.7479,505,3715
1784660006.7502,494,3799
1784660006.7528,497,3755
1784660006.7553,493,3773
1784660006.7581,504,3919
1784660006.7608,495,3772
1784660006.8354,488,3798
1784660006.8381,500,3790
1784660006.8403,503,3771
1784660006.8428,495,3821
1784660006.8454,503,3766
1784660006.8478,500,3751
1784660006.8503,494,3742
1784660006.8528,489,3852
1784660006.8554,493,3863
1784660006.8581,500,3784
1784660006.9161,492,3862
1784660006.9183,500,3778
1784660006.9206,485,3819
1784660006.9230,507,3815
1784660006.9256,504,3775
1784660006.9278,489,3809
1784660006.9305,493,3776
1784660006.9327,495,3808
1784660006.9351,499,3804
1784660006.9377,494,3838
1784660006.9405,508,3841
1784660006.9428,500,3763
1784660006.9451,491,3852
1784660006.9479,500,3821
1784660006.9504,501,3782
1784660006.9531,499,3747
1784660006.9558,492,3840
1784660006.9581,496,3799
1784660006.9604,487,3789
1784660006.9630,506,3819
1784660006.9658,499,3749
1784660006.9683,496,3835
1784660006.9968,495,3826
1784660006.9993,502,3758
1784660007.0020,503,3739
1784660007.0046,488,3803
1784660007.0071,499,3832
1784660007.0097,499,3819
1784660007.0122,498,3785
1784660007.0144,498,3849
1784660007.0172,507,3777
1784660007.0197,491,3742
1784660007.0224,497,3816
1784660007.0248,492,3782
1784660007.0273,518,3852
1784660007.0299,490,3832
1784660007.0322,491,3835
1784660007.0348,489,3840
1784660007.0372,496,3787
1784660007.0398,494,3788
1784660007.0421,501,3679
1784660007.0446,510,3774
1784660007.0473,501,3784
1784660007.0497,498,3829
1784660007.0524,481,3797
1784660007.0549,496,3844
1784660007.0572,495,3830
1784660007.0596,488,3870
1784660007.0619,504,3759
1784660007.0641,496,3878
1784660007.0664,504,3811
1784660007.0687,503,3799
1784660007.0714,503,3757
1784660007.0737,497,3833
1784660007.0764,492,3788
1784660007.0790,500,3774
1784660007.0813,482,3859
1784660007.0836,492,3770
1784660007.0861,491,3811
1784660007.0889,501,3815
1784660007.0914,499,3820
1784660007.0940,501,3748
1784660007.0966,494,3882
1784660007.0989,499,3815
1784660007.1014,499,3888
1784660007.1038,491,3817
1784660007.1061,504,3797
1784660007.1088,497,3867
1784660007.1111,498,3872
1784660007.1135,492,3791
1784660007.1161,497,3803
1784660007.1188,508,3724
1784660007.1213,509,3756
1784660007.1238,496,3838
1784660007.1261,485,3793
1784660007.1287,500,3742
1784660007.1314,504,3805
1784660007.1338,506,3735
1784660007.1363,494,3754
1784660007.1386,492,3830
1784660007.1409,497,3811
1784660007.1436,503,3773
1784660007.1461,499,3837
1784660007.1484,500,3836
1784660007.1508,490,3788
1784660007.1532,497,3834
1784660007.1555,491,3860
1784660007.1582,530,3785
1784660007.1607,504,3827
1784660007.1633,496,3793
1784660007.1656,506,3750
1784660007.1680,504,3777
1784660007.1707,488,3757
1784660007.1735,486,3740
1784660007.1757,495,3819
1784660007.1780,500,3825
1784660007.1808,503,3849
1784660007.1833,503,3937
1784660007.1856,500,3830
1784660007.1880,506,3828
1784660007.1906,493,3851
1784660007.1932,502,3721
1784660007.1954,502,3817
1784660007.1976,502,3819
1784660007.2000,487,3899
1784660007.2024,490,3823
1784660007.2047,495,3757
1784660007.2072,503,3723
1784660007.2096,486,3853
1784660007.2120,502,3786
1784660007.2148,497,3805
1784660007.2172,495,3687
1784660007.2200,511,3784
1784660007.2224,500,3830
1784660007.2247,494,3781
1784660007.2271,498,3770
1784660007.2297,499,3812
1784660007.2321,493,3789
1784660007.2347,492,3755
1784660007.2369,498,3798
1784660007.2396,497,3712
1784660007.2421,503,3727
1784660007.2448,485,3791
1784660007.2475,487,3854
1784660007.2500,501,3736
1784660007.2527,499,3834
1784660007.2551,504,3807
1784660007.2579,499,3793
1784660007.2606,499,3761
1784660007.2629,514,3777
1784660007.2651,501,3865
1784660007.2674,504,3852
1784660007.2697,503,3815
1784660007.2725,503,3835
1784660007.2749,499,3801
1784660007.2776,505,3822
1784660007.2804,499,3849
1784660007.2829,507,3841
1784660007.2854,501,3794
1784660007.2882,489,3822
1784660007.2909,503,3836
1784660007.2932,491,3795
1784660007.2957,499,3775
1784660007.2983,502,3859
1784660007.3009,489,3883
1784660007.3032,491,3840
1784660007.3057,493,3823
1784660007.3080,504,3831
1784660007.3102,491,3777
1784660007.3129,497,3810
1784660007.3153,499,3869
1784660007.3179,489,3829
1784660007.3205,505,3882
1784660007.3228,508,3713
1784660007.3252,493,3864
1784660007.3279,505,3797
1784660007.3306,497,3819
1784660007.3330,507,3799
1784660007.3357,498,3761
1784660007.3384,505,3817
1784660007.3411,491,3852
1784660007.3438,492,3733
1784660007.3461,507,3793
1784660007.3487,492,3745
1784660007.3513,498,3790
1784660007.3536,503,3711
1784660007.3560,491,3898
1784660007.3583,495,3740
1784660007.3606,535,3772
1784660007.3630,499,3679
1784660007.3658,501,3746
1784660007.4119,498,3795
1784660007.4144,497,3853
1784660007.4170,492,3850
1784660007.4195,499,3808
1784660007.4223,486,3772
1784660007.4250,490,3816
1784660007.4277,495,3760
1784660007.4305,491,3839
1784660007.4328,493,3789
1784660007.4352,501,3737
1784660007.4377,490,3833
1784660007.4400,502,3751
1784660007.4426,498,3836
1784660007.4450,546,3777
1784660007.4472,499,3858
1784660007.4495,496,3767
1784660007.4519,490,3783
1784660007.4546,496,3806
1784660007.4569,495,3816
1784660007.4596,497,3805
1784660007.4619,496,3742
1784660007.4645,501,3774
1784660007.4671,501,3856
1784660007.4694,506,3789
1784660007.4719,497,3783
1784660007.4745,500,3792
1784660007.4772,494,3712
1784660007.4795,493,3894
1784660007.4819,499,3798
1784660007.4841,498,3847
1784660007.4868,502,3793
1784660007.4895,491,3769
1784660007.4922,495,3826
1784660007.4947,503,3760
1784660007.4973,502,3757
1784660007.5000,496,3812
1784660007.5028,498,3756
1784660007.5050,495,3829
1784660007.5077,501,3883
1784660007.5104,485,3798
1784660007.5127,497,3794
1784660007.5150,494,3775
1784660007.5177,490,3876
1784660007.5204,508,3809
1784660007.5229,484,3762
1784660007.5253,500,3865
1784660007.5280,512,3841
1784660007.5308,491,3743
1784660007.5331,489,3756
1784660007.5355,500,3731
1784660007.5382,490,3756
1784660007.5408,496,3861
1784660007.5433,496,3779
1784660007.5459,497,3809
1784660007.5484,493,3768
1784660007.5509,501,3748
1784660007.5536,497,3800
1784660007.5563,497,3767
1784660007.5589,494,3823
1784660007.5616,508,3844
1784660007.5641,493,3751
1784660007.5666,493,3814
1784660007.5690,503,3743
1784660007.5716,499,3817
1784660007.5740,494,3847
1784660007.5765,496,3794
1784660007.5791,496,3747
1784660007.5815,500,3745
1784660007.5839,502,3787
1784660007.5864,489,3746
1784660007.6184,496,3766
1784660007.6209,496,3784
1784660007.6236,504,3842
1784660007.6263,512,3787
1784660007.6289,486,3838
1784660007.6313,490,3857
1784660007.6335,489,3840
1784660007.6361,504,3798
1784660007.6389,494,3797
1784660007.6415,499,3781
1784660007.6438,499,3791
1784660007.6461,507,3760
1784660007.6485,489,3829
1784660007.6511,494,3786
1784660007.6534,490,3816
1784660007.6558,495,3750
1784660007.6581,508,3713
1784660007.6605,501,3738
1784660007.6627,493,3772
1784660007.6652,488,3849
1784660007.6676,505,3794
1784660007.6698,499,3842
1784660007.6720,507,3827
1784660007.6743,504,3774
1784660007.6770,501,3782
1784660007.6793,499,3778
1784660007.6821,513,3760
1784660007.6844,498,3787
1784660007.6871,507,3731
1784660007.6896,504,3706
1784660007.6921,500,3729
1784660007.6944,502,3737
1784660007.6970,495,3733
1784660007.6993,498,3753
1784660007.7016,495,3733
1784660007.7040,494,3640
1784660007.7063,497,3686
1784660007.7090,507,3703
1784660007.7118,478,3673
1784660007.7144,501,3636
1784660007.7172,493,3596
1784660007.7198,503,3598
1784660007.7222,491,3629
1784660007.7246,499,3527
1784660007.7272,499,3627
1784660007.7295,509,3606
1784660007.7318,500,3647
1784660007.7342,494,3571
1784660007.7367,504,3574
1784660007.7393,498,3617
1784660007.7417,504,3524
1784660007.7442,504,3516
1784660007.7465,499,3528
1784660007.7491,492,3536
1784660007.7519,505,3514
1784660007.7546,505,3546
1784660007.7572,496,3503
1784660007.7594,501,3515
1784660007.7620,493,3535
1784660007.7646,501,3496
1784660007.7669,497,3494
1784660007.7692,504,3533
1784660007.7714,504,3457
1784660007.7738,500,3450
1784660007.7761,522,3517
1784660007.7785,494,3470
1784660007.7808,499,3460
1784660007.7833,502,3472
1784660007.7859,496,3481
1784660007.7886,501,3397
1784660007.7908,498,3463
1784660007.7933,495,3360
1784660007.7961,502,3386
1784660007.7985,495,3433
1784660007.8011,496,3370
1784660007.8036,487,3364
1784660007.8060,495,3417
1784660007.8087,493,3401
1784660007.8114,494,3393
1784660007.8136,496,3362
1784660007.8159,501,3386
1784660007.8183,493,3344
1784660007.8211,493,3316
1784660007.8236,505,3385
1784660007.8264,498,3322
1784660007.8289,497,3366
1784660007.8312,494,3361
1784660007.8338,502,3309
1784660007.8363,491,3352
1784660007.8387,498,3272
1784660007.8414,488,3319
1784660007.8440,501,3308
1784660007.8467,500,3353
1784660007.8491,497,3294
1784660007.8513,493,3284
1784660007.8537,499,3299
1784660007.8561,492,3331
1784660007.8587,504,3301
1784660007.8612,497,3306
1784660007.8639,502,3286
1784660007.8666,505,3294
1784660007.8688,572,3322
1784660007.8711,501,3333
1784660007.8737,498,3315
1784660007.8762,507,3321
1784660007.8787,497,3316
1784660007.8814,498,3276
1784660007.8839,496,3272
1784660007.8865,490,3239
1784660007.8891,507,3211
1784660007.8918,502,3240
1784660007.8946,494,3250
1784660007.8971,490,3227
1784660007.8996,488,3256
1784660007.9019,504,3260
1784660007.9043,502,3238
1784660007.9066,501,3225
1784660007.9091,493,3231
1784660007.9119,496,3222
1784660007.9145,494,3218
1784660007.9170,508,3273
1784660007.9197,493,3251
1784660007.9219,492,3223
1784660007.9246,489,3241
1784660007.9273,490,3206
1784660007.9300,499,3247
1784660007.9326,491,3245
1784660007.9354,504,3218
1784660007.9381,492,3178
1784660007.9404,499,3162
1784660007.9427,496,3187
1784660007.9455,501,3207
1784660007.9478,498,3191
1784660007.9504,500,3176
1784660007.9532,501,3199
1784660007.9555,505,3189
1784660007.9581,497,3155
1784660007.9606,496,3191
1784660007.9631,507,3164
1784660007.9655,502,3187
1784660007.9682,509,3192
1784660007.9710,503,3209
1784660007.9737,491,3198
1784660007.9763,503,3148
1784660007.9788,496,3198
1784660007.9816,502,3164
1784660007.9838,494,3202
1784660007.9865,492,3180
1784660007.9888,500,3165
1784660007.9911,499,3154
1784660007.9938,492,3157
1784660007.9961,494,3176
1784660007.9984,502,3155
1784660008.0008,497,3163
1784660008.0032,495,3145
1784660008.0058,486,3144
1784660008.0645,495,3173
1784660008.0668,491,3165
1784660008.0691,497,3144
1784660008.0714,506,3112
1784660008.0740,494,3147
1784660008.0763,499,3148
1784660008.0787,494,3146
1784660008.0810,497,3147
1784660008.0834,496,3132
1784660008.0856,497,3134
1784660008.0878,500,3151
1784660008.0906,493,3131
1784660008.0929,494,3128
1784660008.0951,490,3138
1784660008.0977,501,3125
1784660008.0999,500,3158
1784660008.1024,502,3113
1784660008.1049,492,3152
1784660008.1075,498,3126
1784660008.1103,500,3140
1784660008.1127,499,3138
1784660008.1149,490,3117
1784660008.1172,500,3130
1784660008.1196,506,3140
1784660008.1221,491,3097
1784660008.1245,501,3115
1784660008.1271,495,3146
1784660008.1295,492,3129
1784660008.1317,493,3109
1784660008.1340,501,3146
1784660008.1365,501,3143
1784660008.1388,505,3131
1784660008.1412,504,3105
1784660008.1439,508,3096
1784660008.1465,501,3127
1784660008.1492,496,3119
1784660008.1517,495,3127
1784660008.1539,506,3128
1784660008.1561,495,3098
1784660008.1588,512,3105
1784660008.1613,499,3103
1784660008.1641,500,3144
1784660008.1668,493,3109
1784660008.1694,490,3152
1784660008.1720,495,3118
1784660008.1743,499,3121
1784660008.1770,493,3109
1784660008.1796,496,3106
1784660008.1824,500,3110
1784660008.1851,503,3105
1784660008.1876,495,3101
1784660008.1903,494,3083
1784660008.1928,509,3093
1784660008.1955,482,3116
1784660008.1983,493,3076
1784660008.2009,498,3086
1784660008.2033,498,3114
1784660008.2058,495,3107
1784660008.2082,493,3075
1784660008.2107,494,3096
1784660008.2134,504,3091
1784660008.2158,501,3102
1784660008.2182,502,3124
1784660008.2209,510,3109
1784660008.2234,503,3079
1784660008.2257,493,3072
1784660008.2284,499,3091
1784660008.2308,498,3088
1784660008.2332,497,3099
1784660008.2358,495,3091
1784660008.2385,507,3070
1784660008.2410,505,3091
1784660008.2432,502,3067
1784660008.2458,499,3074
1784660008.2482,500,3080
1784660008.2508,490,3093
1784660008.2536,499,3080
1784660008.2561,501,3067
1784660008.2588,497,3081
1784660008.2612,493,3102
1784660008.2638,504,3106
1784660008.2663,499,3102
1784660008.2686,495,3112
1784660008.2711,488,3104
1784660008.2734,501,3080
1784660008.2761,496,3061
1784660008.2784,498,3087
1784660008.2811,499,3051
1784660008.2834,495,3081
1784660008.2861,492,3084
1784660008.2887,498,3064
1784660008.2911,512,3073
1784660008.2934,495,3092
1784660008.2957,490,3058
1784660008.2980,500,3053
1784660008.3006,494,3053
1784660008.3028,494,3092
1784660008.3051,493,3044
1784660008.3077,496,3103
1784660008.3102,495,3090
1784660008.3127,490,3069
1784660008.3149,502,3068
1784660008.3173,505,3041
1784660008.3197,494,3061
1784660008.3224,502,3067
1784660008.3252,497,3047
1784660008.3277,495,3081
1784660008.3300,490,3053
1784660008.3327,505,3084
1784660008.3352,489,3105
1784660008.3379,498,3075
1784660008.3402,494,3047
1784660008.3430,501,3052
1784660008.3457,508,3079
1784660008.3483,489,3071
1784660008.3506,502,3062
1784660008.3529,487,3100
1784660008.3552,503,3095
1784660008.3580,485,3054
1784660008.3602,500,3069
1784660008.3627,500,3087
1784660008.3650,500,3084
1784660008.3678,501,3040
1784660008.3700,484,3059
1784660008.3727,507,3089
1784660008.3755,495,3091
1784660008.3778,495,3084
1784660008.3802,496,3084
1784660008.3828,492,3074
1784660008.3853,499,3067
1784660008.3878,503,3072
1784660008.3903,490,3056
1784660008.3928,499,3071
1784660008.3956,499,3065
1784660008.3982,497,3054
1784660008.4006,493,3063
1784660008.4029,497,3064
1784660008.4056,491,3081
1784660008.4082,498,3067
1784660008.4108,491,3039
1784660008.4132,504,3079
1784660008.4156,488,3055
1784660008.4183,498,3062
1784660008.4209,490,3067
1784660008.4237,511,3068
1784660008.4263,493,3068
1784660008.4291,492,3078
1784660008.4318,498,3046
1784660008.4342,491,3072
1784660008.4366,507,3045
1784660008.4393,497,3064
1784660008.4419,488,3066
1784660008.4447,496,3050
1784660008.4469,496,3057
1784660008.4494,507,3060
1784660008.4517,497,3037
1784660008.4541,496,3062
1784660008.4567,498,3059
1784660008.4590,499,3087
1784660008.4615,503,3067
1784660008.4641,493,3069
1784660008.4664,498,3044
1784660008.4688,495,3047
1784660008.4714,504,3080
1784660008.4741,495,3079
1784660008.4768,505,3068
1784660008.4796,507,3078
1784660008.4818,504,3071
1784660008.4840,504,3059
1784660008.4868,491,3086
1784660008.4895,494,3048
1784660008.4921,502,3052
1784660008.4944,499,3052
1784660008.4969,499,3061
1784660008.4992,492,3074
1784660008.5017,493,3078
1784660008.5045,497,3052
1784660008.5070,491,3059
1784660008.5092,490,3068
1784660008.5118,499,3063
1784660008.5143,494,3031
1784660008.5166,487,3049
1784660008.5192,503,3061
1784660008.5214,506,3053
1784660008.5241,489,3068
1784660008.5265,496,3050
1784660008.5291,499,3066
1784660008.5319,496,3062
1784660008.5345,502,3066
1784660008.5370,500,3032
1784660008.5397,494,3069
1784660008.5421,498,3061
1784660008.5447,500,3073
1784660008.5475,498,3052
1784660008.5499,496,3056
1784660008.5522,498,3056
1784660008.5549,505,3065
1784660008.5574,493,3055
1784660008.5600,502,3041
1784660008.5623,495,3047
1784660008.5646,495,3039
1784660008.5670,508,3050
1784660008.5694,486,3058
1784660008.5717,494,3074
1784660008.5744,479,3049
1784660008.5767,500,3043
1784660008.5790,493,3053
1784660008.5816,494,3029
1784660008.5843,497,3047
1784660008.5871,500,3067
1784660008.5895,482,3038
1784660008.5922,499,3039
1784660008.5947,498,3067
1784660008.5974,504,3052
1784660008.5999,503,3062
1784660008.6024,492,3067
1784660008.6050,502,3081
1784660008.6078,503,3046
1784660008.6100,509,3066
1784660008.6124,493,3060
1784660008.6148,497,3024
1784660008.6172,498,3052
1784660008.6194,500,3053
1784660008.6217,497,3050
1784660008.6243,492,3061
1784660008.6268,503,3057
1784660008.6292,543,3049
1784660008.6318,488,3077
1784660008.6345,499,3064
1784660008.6369,500,3047
1784660008.6396,488,3036
1784660008.6418,502,3055
1784660008.6442,503,3045
1784660008.6466,502,3048
1784660008.6491,503,3064
1784660008.6515,499,3065
1784660008.6540,501,3062
1784660008.6563,499,3077
1784660008.6589,507,3058
1784660008.6614,501,3045
1784660008.6638,498,3061
1784660008.6665,505,3031
1784660008.6690,494,3050
1784660008.6715,495,3052
1784660008.6743,501,3064
1784660008.6769,499,3058
1784660008.6795,496,3051
1784660008.6818,495,3043
1784660008.6843,491,3055
1784660008.6871,490,3075
1784660008.6898,489,3052
1784660008.6924,497,3059
1784660008.6951,501,3045
1784660008.7518,493,3031
1784660008.7543,499,3034
1784660008.7569,498,3056
1784660008.7592,505,3030
1784660008.7620,513,3041
1784660008.7648,503,3053
1784660008.7674,502,3047
1784660008.7700,499,3056
1784660008.7724,497,3067
1784660008.7751,514,3052
1784660008.7777,489,3050
1784660008.7800,486,3071
1784660008.7826,501,3035
1784660008.7849,497,3062
1784660008.7875,499,3071
1784660008.7901,505,3043
1784660008.7925,481,3070
1784660008.7951,494,3055
1784660008.7975,503,3053
1784660008.8001,497,3049
1784660008.8025,509,3031
1784660008.8048,505,3064
1784660008.8070,496,3065
1784660008.8093,494,3051
1784660008.8121,484,3049
1784660008.8147,496,3046
1784660008.8170,500,3043
1784660008.8193,496,3061
1784660008.8218,503,3038
1784660008.8243,496,3059
1784660008.8267,498,3052
1784660008.8289,492,3053
1784660008.8316,505,3046
1784660008.8341,500,3041
1784660008.8367,506,3058
1784660008.8390,497,3079
1784660008.8418,506,3062
1784660008.8444,489,3079
1784660008.8468,496,3048
1784660008.8492,487,3037
1784660008.8517,498,3071
1784660008.8543,495,3054
1784660008.8571,495,3049
1784660008.8595,502,3054
1784660008.8618,497,3048
1784660008.8645,496,3030
1784660008.8671,484,3077
1784660008.8699,512,3070
1784660008.8725,495,3057
1784660008.8752,497,3063
1784660008.8775,501,3043
1784660008.8798,499,3059
1784660008.8825,495,3070
1784660008.8853,482,3034
1784660008.8878,502,3041
1784660008.8903,507,3056
1784660008.8930,498,3069
1784660008.8955,502,3065
1784660008.8982,510,3043
1784660008.9008,505,3029
1784660008.9033,494,3059
1784660008.9056,499,3048
1784660008.9084,490,3052
1784660008.9112,509,3056
1784660008.9139,503,3047
1784660008.9165,503,3053
1784660008.9191,495,3025
1784660008.9215,499,3045
1784660008.9242,500,3043
1784660008.9267,500,3065
1784660008.9292,504,3055
1784660008.9317,504,3040
1784660008.9343,501,3078
1784660008.9368,496,3025
1784660008.9395,498,3048
1784660008.9421,497,3051
1784660008.9444,500,3040
1784660008.9467,504,3074
1784660008.9492,492,3036
1784660008.9516,493,3048
1784660008.9539,501,3065
1784660008.9565,497,3041
1784660008.9591,498,3049
1784660008.9617,492,3055
1784660008.9643,488,3076
1784660008.9670,492,3044
1784660008.9695,490,3058
1784660008.9718,493,3045
1784660008.9744,496,3051
1784660008.9771,503,3052
1784660008.9797,496,3068
1784660008.9825,485,3057
1784660008.9852,506,3043
1784660008.9877,502,3050
1784660008.9904,491,3085
1784660008.9926,490,3058
1784660008.9953,485,3050
1784660008.9977,504,3063
1784660009.0003,494,3045
1784660009.0030,503,3050
1784660009.0056,494,3050
1784660009.0078,496,3021
1784660009.0101,493,3051
1784660009.0124,492,3051
1784660009.0146,503,3066
1784660009.0168,504,3049
1784660009.0195,498,3048
1784660009.0220,504,3053
1784660009.0242,505,3043
1784660009.0270,505,3047
1784660009.0297,498,3046
1784660009.0324,506,3050
1784660009.0348,501,3031
1784660009.0373,506,3042
1784660009.0400,489,3084
1784660009.0425,499,3030
1784660009.0450,503,3017
1784660009.0473,494,3053
1784660009.0500,494,3052
1784660009.0527,504,3046
1784660009.0549,500,3040
1784660009.0573,509,3051
1784660009.0600,516,3046
1784660009.0627,500,3044
1784660009.0650,496,3044
1784660009.0675,494,3044
1784660009.0700,493,3071
1784660009.0725,494,3045
1784660009.0752,509,3064
1784660009.0775,488,3061
1784660009.0801,494,3052
1784660009.0824,499,3046
1784660009.0848,495,3070
1784660009.0873,498,3086
1784660009.0901,502,3019
1784660009.0924,507,3056
1784660009.0949,502,3056
1784660009.0974,503,3057
1784660009.0999,489,3030
1784660009.1025,488,3044
1784660009.1050,508,3064
1784660009.1075,493,3035
1784660009.1102,485,3079
1784660009.1130,488,3064
1784660009.1154,493,3063
1784660009.1177,501,3056
1784660009.1203,506,3069
1784660009.1226,503,3029
1784660009.1250,502,3060
1784660009.1275,498,3040
1784660009.1303,493,3052
1784660009.1545,500,3026
1784660009.1571,502,3060
1784660009.1598,486,3062
1784660009.1625,501,3043
1784660009.1652,503,3075
1784660009.1675,502,3055
1784660009.1699,496,3038
1784660009.1724,493,3054
1784660009.1748,504,3034
1784660009.1770,490,3049
1784660009.1793,493,3082
1784660009.1817,496,3040
1784660009.1844,502,3050
1784660009.1871,491,3033
1784660009.1899,493,3055
1784660009.1922,501,3022
1784660009.1947,501,3067
1784660009.1971,503,3046
1784660009.1998,499,3063
1784660009.2021,498,3037
1784660009.2049,503,3052
1784660009.2077,496,3029
1784660009.2102,488,3068
1784660009.2125,501,3071
1784660009.2147,494,3055
1784660009.2175,499,3051
1784660009.3100,502,3029
1784660009.3125,489,3024
1784660009.3151,500,3054
1784660009.3174,503,3047
1784660009.3197,498,3061
1784660009.3223,501,3056
1784660009.3247,503,3090
1784660009.3270,487,3070
1784660009.3293,492,3039
1784660009.3319,491,3073
1784660009.3345,498,3031
1784660009.3371,506,3056
1784660009.3399,501,3045
1784660009.3422,506,3047
1784660009.3448,494,3042
1784660009.3474,502,3049
1784660009.3498,511,3041
1784660009.3524,494,3056
1784660009.3548,503,3040
1784660009.3573,542,3033
1784660009.3597,504,3055
1784660009.3625,502,3051
1784660009.3651,508,3058
1784660009.3677,496,3067
1784660009.3704,505,3061
1784660009.3730,504,3061
1784660009.3754,508,3052
1784660009.3778,508,3052
1784660009.4353,492,3050
1784660009.4376,495,3055
1784660009.4402,510,3058
1784660009.4428,496,3066
1784660009.4455,500,3048
1784660009.4481,497,3063
1784660009.4507,491,3052
1784660009.4535,500,3041
1784660009.4562,498,3065
1784660009.4587,497,3060
1784660009.4611,496,3074
1784660009.4634,498,3056
1784660009.4657,494,3046
1784660009.4683,498,3061
1784660009.4705,489,3042
1784660009.4731,495,3040
1784660009.4756,501,3038
1784660009.4778,508,3040
1784660009.4801,489,3051
1784660009.4827,497,3029
1784660009.4854,507,3058
1784660009.4881,499,3060
1784660009.4903,493,3075
1784660009.4928,492,3045
1784660009.4951,500,3047
1784660009.4974,498,3061
1784660009.4999,493,3074
1784660009.5025,498,3070
1784660009.5050,495,3059
1784660009.5077,490,3051
1784660009.5103,494,3052
1784660009.5129,495,3029
1784660009.5152,497,3044
1784660009.5177,508,3040
1784660009.5203,480,3041
1784660009.5227,505,3061
1784660009.5251,504,3020
1784660009.5275,495,3063
1784660009.5302,494,3068
1784660009.5329,497,3044
1784660009.5354,508,3048
1784660009.5376,498,3049
1784660009.5400,503,3041
1784660009.5427,489,3048
1784660009.5453,505,3047
1784660009.5478,492,3052
1784660009.5506,500,3041
1784660009.5531,498,3067
1784660009.5553,499,3061
1784660009.6053,484,3060
1784660009.6079,504,3077
1784660009.6101,491,3056
1784660009.6123,496,3051
1784660009.6146,501,3065
1784660009.6173,490,3049
1784660009.6199,493,3051
1784660009.6227,499,3027
1784660009.6249,502,3052
1784660009.6275,503,3057
1784660009.6301,496,3054
1784660009.6325,498,3042
1784660009.6350,509,3048
1784660009.6372,509,3038
1784660009.6398,496,3051
1784660009.6420,498,3058
1784660009.6443,498,3052
1784660009.6471,502,3055
1784660009.6498,504,3038
1784660009.6521,499,3071
1784660009.6547,496,3042
1784660009.6570,504,3076
1784660009.6595,512,3053
1784660009.6617,495,3048
1784660009.6644,497,3053
1784660009.6670,497,3053
1784660009.6695,492,3061
1784660009.6720,497,3043
1784660009.6748,497,3082
1784660009.6772,492,3047
1784660009.6800,500,3049
1784660009.6825,494,3032
1784660009.6851,495,3028
1784660009.6878,499,3043
1784660009.6905,499,3046
1784660009.6933,487,3041
1784660009.6958,492,3055
1784660009.6984,489,3024
1784660009.7006,493,3082
1784660009.7031,495,3066
1784660009.7054,507,3051
1784660009.7077,493,3069
1784660009.7101,501,3038
1784660009.7125,502,3039
1784660009.7148,503,3050
1784660009.7172,500,3058
1784660009.7195,495,3018
1784660009.7218,512,3062
1784660009.7241,498,3073
1784660009.7267,503,3060
1784660009.7290,486,3051
1784660009.7316,502,3058
1784660009.7340,508,3050
1784660009.7362,506,3067
1784660009.7386,496,3017
1784660009.7412,493,3077
1784660009.7435,494,3041
1784660009.7457,499,3027
1784660009.7483,598,3038
1784660009.7509,507,3050
1784660009.7537,511,3043
1784660009.7561,498,3062
1784660009.7585,492,3048
1784660009.7609,507,3030
1784660009.7635,502,3054
1784660009.7659,493,3029
1784660009.7681,497,3051
1784660009.7706,503,3033
1784660009.7732,495,3068
1784660009.7756,491,3045
1784660009.7780,497,3057
1784660009.7807,489,3050
1784660009.7833,486,3053
1784660009.7859,489,3056
1784660009.7884,498,3046
1784660009.7907,493,3067
1784660009.7934,498,3040
1784660009.7958,495,3059
1784660009.7981,497,3052
1784660009.8004,500,3053
1784660009.8028,500,3053
1784660009.8053,498,3060
1784660009.8080,495,3061
1784660009.8103,494,3049
1784660009.8127,501,3053
1784660009.8152,507,3032
1784660009.8174,483,3042
1784660009.8196,515,3029
1784660009.8219,535,3033
1784660009.8242,498,3073
1784660009.8268,486,3053
1784660009.8291,499,3071
1784660009.8315,493,3059
1784660009.8341,502,3058
1784660009.8368,498,3058
1784660009.8391,498,3046
1784660009.8417,497,3037
1784660009.8442,494,3043
1784660009.8468,502,3046
1784660009.8491,498,3074
1784660009.8518,489,3059
1784660009.8542,501,3047
1784660009.8569,497,3050
1784660009.8593,513,3058
1784660009.8618,499,3048
1784660009.8645,501,3057
1784660009.8669,499,3074
1784660009.8694,493,3047
1784660009.8721,493,3038
1784660009.8744,497,3067
1784660009.8771,493,3042
1784660009.8795,515,3053
1784660009.8819,496,3021
1784660009.8844,495,3049
1784660009.8870,494,3054
1784660009.8895,497,3077
1784660009.8923,497,3036
1784660009.8948,500,3052
1784660009.8970,501,3048
1784660009.8994,505,3056
1784660009.9022,500,3054
1784660009.9047,500,3084
1784660009.9075,500,3057
1784660009.9101,491,3048
1784660009.9126,489,3053
1784660009.9149,504,3066
1784660009.9174,497,3031
1784660009.9201,497,3078
1784660009.9225,489,3043
1784660009.9251,486,3068
1784660009.9278,492,3054
1784660009.9305,502,3074
1784660009.9327,496,3050
1784660009.9351,495,3045
1784660009.9376,490,3035
1784660009.9404,510,3050
1784660009.9430,504,3039
1784660009.9457,503,3057
1784660009.9482,495,3047
1784660009.9505,501,3051
1784660010.0106,501,3062
1784660010.0134,499,3057
1784660010.0161,496,3029
1784660010.0186,503,3044
1784660010.0209,494,3039
1784660010.0232,502,3047
1784660010.0255,486,3060
1784660010.0282,503,3084
1784660010.0308,499,3059
1784660010.0333,491,3031
1784660010.0359,500,3030
1784660010.0383,498,3061
1784660010.0405,492,3050
1784660010.0433,494,3063
1784660010.0455,499,3064
1784660010.0482,497,3061
1784660010.0505,508,3059
1784660010.0531,494,3068
1784660010.0556,490,3082
1784660010.0580,505,3033
1784660010.0603,492,3055
1784660010.0626,503,3038
1784660010.0653,493,3071
1784660010.0676,496,3050
1784660010.1314,491,3046
1784660010.1341,490,3051
1784660010.1367,504,3050
1784660010.1392,495,3069
1784660010.1417,499,3044
1784660010.1443,578,3025
1784660010.1467,501,3048
1784660010.1491,498,3059
1784660010.1514,499,3050
1784660010.1540,508,3040
1784660010.1567,497,3070
1784660010.1593,509,3027
1784660010.1616,493,3043
1784660010.1640,500,3068
1784660010.1668,509,3061
1784660010.1695,493,3027
1784660010.1722,498,3078
1784660010.1745,502,3051
1784660010.1771,499,3051
1784660010.1794,501,3059
1784660010.1818,491,3035
1784660010.1846,506,3060
1784660010.1870,501,3059
1784660010.1897,519,3056
1784660010.1925,504,3056
1784660010.1951,495,3036
1784660010.1974,497,3051
1784660010.2000,496,3074
1784660010.2025,495,3042
1784660010.2051,489,3041
1784660010.2073,502,3054
1784660010.2096,503,3075
1784660010.2119,500,3080
1784660010.2146,498,3037
1784660010.2171,499,3060
1784660010.2199,500,3052
1784660010.2224,498,3022
1784660010.2248,493,3071
1784660010.2273,498,3067
1784660010.2298,493,3049
1784660010.2321,500,3052
1784660010.2345,500,3059
1784660010.2368,506,3047
1784660010.2393,500,3061
1784660010.2417,494,3050
1784660010.2439,504,3051
1784660010.2461,501,3040
1784660010.2487,504,3062
1784660010.2514,504,3049
1784660010.2540,503,3039
1784660010.2563,493,3031
1784660010.2587,502,3045
1784660010.2612,499,3057
1784660010.2636,502,3020
1784660010.2662,498,3064
1784660010.3478,505,3061
1784660010.3504,486,3054
1784660010.3531,500,3047
1784660010.3559,494,3056
1784660010.3584,506,3014
1784660010.3606,509,3037
1784660010.3628,504,3074
1784660010.3653,502,3057
1784660010.3676,505,3052
1784660010.3703,507,3044
1784660010.3725,498,3051
1784660010.3748,505,3054
1784660010.3775,502,3063
1784660010.3800,503,3051
1784660010.3823,501,3036
1784660010.3847,504,3046
1784660010.3870,487,3063
1784660010.3892,502,3037
1784660010.3915,498,3058
1784660010.3939,502,3074
1784660010.3967,504,3025
1784660010.3990,517,3050
1784660010.4017,497,3078
1784660010.4041,503,3052
1784660010.4064,502,3049
1784660010.4086,502,3073
1784660010.4110,500,3067
1784660010.4133,494,3043
1784660010.4628,497,3051
1784660010.4651,507,3026
1784660010.4677,491,3078
1784660010.4702,495,3061
1784660010.4725,494,3046
1784660010.4752,501,3068
1784660010.4777,489,3077
1784660010.4804,488,3046
1784660010.4831,497,3061
1784660010.4857,497,3064
1784660010.4882,499,3049
1784660010.4904,490,3047
1784660010.4929,494,3054
1784660010.4953,496,3079
1784660010.4979,505,3066
1784660010.5002,503,3042
1784660010.5025,490,3037
1784660010.5051,504,3041
1784660010.5077,502,3025
1784660010.5101,491,3059
1784660010.5126,502,3041
1784660010.5149,485,3059
1784660010.5174,505,3051
1784660010.5987,499,3062
1784660010.6009,492,3066
1784660010.6033,499,3053
1784660010.6060,508,3059
1784660010.6087,513,3051
1784660010.6112,506,3043
1784660010.6137,493,3050
1784660010.6165,501,3065
1784660010.6187,494,3077
1784660010.7030,492,3063
1784660010.7055,496,3028
1784660010.7083,496,3035
1784660010.7107,500,3077
1784660010.7130,504,3064
1784660010.7155,506,3044
1784660010.7182,500,3041
1784660010.7206,512,3043
1784660010.7234,506,3051
1784660010.7259,500,3047
1784660010.7284,497,3049
1784660010.7309,504,3055
1784660010.8167,494,3057
1784660010.8193,497,3043
1784660010.8220,500,3063
1784660010.8245,498,3064
1784660010.8273,492,3042
1784660010.8297,498,3053
1784660010.8321,505,3062
1784660010.8348,497,3081
1784660010.8372,494,3067
1784660010.8400,498,3033
1784660010.8428,509,3033
1784660010.8450,496,3054
1784660010.8476,496,3043
1784660010.8501,504,3039
1784660010.8529,487,3035
1784660010.8553,501,3056
1784660010.8579,571,3036
1784660010.8607,495,3039
1784660010.8632,500,3054
1784660010.8655,521,3061
1784660010.8683,498,3045
1784660010.8705,488,3058
1784660010.8727,502,3032
1784660010.8752,490,3067
1784660010.8780,494,3071
1784660010.8806,500,3041
1784660010.8830,494,3045
1784660010.8853,505,3037
1784660010.8880,496,3042
1784660010.8908,500,3039
1784660010.8934,508,3048
1784660010.8958,500,3054
1784660010.8982,497,3048
1784660010.9004,490,3052
1784660010.9030,495,3049
1784660010.9053,497,3073
1784660010.9077,503,3055
1784660010.9104,491,3050
1784660010.9126,497,3031
1784660010.9152,482,3071
1784660010.9179,500,3063
1784660010.9205,505,3027
1784660010.9230,494,3051
1784660010.9253,498,3067
1784660010.9281,497,3033
1784660010.9309,483,3030
1784660010.9335,495,3057
1784660010.9363,503,3067
1784660010.9387,498,3057
1784660010.9410,499,3036
1784660010.9434,497,3027
1784660010.9462,505,3041
1784660010.9485,485,3041
1784660010.9512,495,3055
1784660010.9538,503,3045
1784660010.9565,493,3045
1784660010.9590,495,3067
1784660010.9613,495,3043
1784660010.9640,500,3050
1784660010.9664,497,3024
1784660010.9690,498,3056
1784660010.9714,490,3046
1784660010.9736,498,3074
1784660010.9762,504,3057
1784660010.9790,495,3042
1784660010.9812,491,3048
1784660010.9840,498,3041
1784660010.9864,580,3018
1784660010.9890,483,3070
1784660010.9916,504,3080
